0.00000000e+00,0.00000000e+00
4.99988000e-02,4.79309800e-04
9.99977000e-02,9.50616700e-04
1.49996600e-01,1.41397211e-03
1.99995600e-01,1.86942746e-03
2.49994700e-01,2.31703415e-03
2.99993900e-01,2.75684359e-03
3.49993200e-01,3.18890718e-03
3.99992500e-01,3.61327635e-03
4.49991900e-01,4.03000250e-03
4.99991400e-01,4.43913704e-03
5.49990900e-01,4.84073137e-03
5.99990600e-01,5.23483691e-03
6.49990300e-01,5.62150507e-03
6.99990000e-01,6.00078726e-03
7.49989900e-01,6.37273487e-03
7.99989800e-01,6.73739934e-03
8.49989800e-01,7.09483206e-03
8.99989800e-01,7.44508444e-03
9.49989900e-01,7.78820790e-03
9.99990100e-01,8.12425384e-03
1.04999030e+00,8.45327367e-03
1.09999070e+00,8.77531880e-03
1.14999100e+00,9.09044064e-03
1.19999140e+00,9.39869061e-03
1.24999190e+00,9.70012010e-03
1.29999250e+00,9.99478053e-03
1.34999310e+00,1.02827233e-02
1.39999380e+00,1.05639999e-02
1.44999450e+00,1.08386616e-02
1.49999530e+00,1.11067599e-02
1.54999610e+00,1.13683461e-02
1.59999700e+00,1.16234718e-02
1.64999790e+00,1.18721883e-02
1.69999890e+00,1.21145470e-02
1.75000000e+00,1.23505993e-02
1.80000110e+00,1.25803966e-02
1.85000220e+00,1.28039904e-02
1.90000340e+00,1.30214321e-02
1.95000470e+00,1.32327730e-02
2.00000600e+00,1.34380645e-02
2.05000730e+00,1.36373582e-02
2.10000870e+00,1.38307053e-02
2.15001010e+00,1.40181574e-02
2.20001160e+00,1.41997657e-02
2.25001310e+00,1.43755818e-02
2.30001470e+00,1.45456570e-02
2.35001630e+00,1.47100428e-02
2.40001790e+00,1.48687905e-02
2.45001960e+00,1.50219515e-02
2.50002130e+00,1.51695773e-02
2.55002300e+00,1.53117193e-02
2.60002480e+00,1.54484289e-02
2.65002660e+00,1.55797574e-02
2.70002850e+00,1.57057564e-02
2.75003040e+00,1.58264772e-02
2.80003230e+00,1.59419712e-02
2.85003430e+00,1.60522898e-02
2.90003620e+00,1.61574845e-02
2.95003830e+00,1.62576066e-02
3.00004030e+00,1.63527076e-02
3.05004240e+00,1.64428389e-02
3.10004450e+00,1.65280518e-02
3.15004660e+00,1.66083979e-02
3.20004870e+00,1.66839284e-02
3.25005090e+00,1.67546948e-02
3.30005310e+00,1.68207486e-02
3.35005530e+00,1.68821411e-02
3.40005750e+00,1.69389237e-02
3.45005980e+00,1.69911478e-02
3.50006210e+00,1.70388650e-02
3.55006440e+00,1.70821264e-02
3.60006670e+00,1.71209837e-02
3.65006900e+00,1.71554881e-02
3.70007140e+00,1.71856912e-02
3.75007370e+00,1.72116442e-02
3.80007610e+00,1.72333986e-02
3.85007850e+00,1.72510059e-02
3.90008090e+00,1.72645174e-02
3.95008330e+00,1.72739845e-02
4.00008570e+00,1.72794587e-02
4.05008810e+00,1.72809914e-02
4.10009060e+00,1.72786339e-02
4.15009300e+00,1.72724377e-02
4.20009550e+00,1.72624541e-02
4.25009790e+00,1.72487347e-02
4.30010040e+00,1.72313308e-02
4.35010280e+00,1.72102938e-02
4.40010530e+00,1.71856751e-02
4.45010780e+00,1.71575262e-02
4.50011030e+00,1.71258984e-02
4.55011270e+00,1.70908431e-02
4.60011520e+00,1.70524118e-02
4.65011770e+00,1.70106559e-02
4.70012010e+00,1.69656268e-02
4.75012260e+00,1.69173758e-02
4.80012510e+00,1.68659545e-02
4.85012750e+00,1.68114142e-02
4.90013000e+00,1.67538062e-02
4.95013240e+00,1.66931821e-02
5.00013480e+00,1.66295933e-02
5.05013720e+00,1.65630911e-02
5.10013970e+00,1.64937270e-02
5.15014210e+00,1.64215523e-02
5.20014440e+00,1.63466185e-02
5.25014680e+00,1.62689770e-02
5.30014920e+00,1.61886792e-02
5.35015150e+00,1.61057765e-02
5.40015390e+00,1.60203203e-02
5.45015620e+00,1.59323620e-02
5.50015850e+00,1.58419530e-02
5.55016080e+00,1.57491448e-02
5.60016300e+00,1.56539888e-02
5.65016530e+00,1.55565363e-02
5.70016750e+00,1.54568388e-02
5.75016970e+00,1.53549476e-02
5.80017180e+00,1.52509143e-02
5.85017400e+00,1.51447901e-02
5.90017610e+00,1.50366266e-02
5.95017820e+00,1.49264751e-02
6.00018030e+00,1.48143870e-02
6.05018230e+00,1.47004137e-02
6.10018440e+00,1.45846067e-02
6.15018640e+00,1.44670173e-02
6.20018830e+00,1.43476970e-02
6.25019020e+00,1.42266972e-02
6.30019210e+00,1.41040693e-02
6.35019400e+00,1.39798646e-02
6.40019580e+00,1.38541347e-02
6.45019760e+00,1.37269308e-02
6.50019940e+00,1.35983045e-02
6.55020110e+00,1.34683072e-02
6.60020280e+00,1.33369901e-02
6.65020440e+00,1.32044048e-02
6.70020600e+00,1.30706027e-02
6.75020760e+00,1.29356351e-02
6.80020910e+00,1.27995536e-02
6.85021060e+00,1.26624094e-02
6.90021200e+00,1.25242540e-02
6.95021340e+00,1.23851388e-02
7.00021480e+00,1.22451152e-02
7.05021610e+00,1.21042347e-02
7.10021730e+00,1.19625485e-02
7.15021850e+00,1.18201083e-02
7.20021970e+00,1.16769653e-02
7.25022080e+00,1.15331709e-02
7.30022190e+00,1.13887766e-02
7.35022290e+00,1.12438338e-02
7.40022380e+00,1.10983939e-02
7.45022470e+00,1.09525083e-02
7.50022560e+00,1.08062284e-02
7.55022640e+00,1.06596056e-02
7.60022710e+00,1.05126914e-02
7.65022780e+00,1.03655371e-02
7.70022840e+00,1.02181941e-02
7.75022900e+00,1.00707139e-02
7.80022950e+00,9.92314788e-03
7.85022990e+00,9.77554742e-03
7.90023030e+00,9.62796395e-03
7.95023060e+00,9.48044887e-03
8.00023090e+00,9.33305360e-03
8.05023110e+00,9.18582954e-03
8.10023120e+00,9.03882810e-03
8.15023120e+00,8.89210070e-03
8.20023120e+00,8.74569874e-03
8.25023120e+00,8.59967363e-03
8.30023100e+00,8.45407679e-03
8.35023080e+00,8.30895961e-03
8.40023050e+00,8.16437352e-03
8.45023020e+00,8.02036991e-03
8.50022970e+00,7.87700021e-03
8.55022920e+00,7.73431581e-03
8.60022870e+00,7.59236813e-03
8.65022800e+00,7.45120858e-03
8.70022730e+00,7.31088857e-03
8.75022650e+00,7.17145950e-03
8.80022560e+00,7.03297279e-03
8.85022460e+00,6.89547984e-03
8.90022360e+00,6.75903207e-03
8.95022250e+00,6.62368088e-03
9.00022120e+00,6.48947769e-03
9.05022000e+00,6.35647389e-03
9.10021860e+00,6.22472092e-03
9.15021710e+00,6.09427016e-03
9.20021560e+00,5.96517303e-03
9.25021400e+00,5.83748095e-03
9.30021220e+00,5.71124532e-03
9.35021040e+00,5.58651754e-03
9.40020850e+00,5.46334904e-03
9.45020660e+00,5.34179121e-03
9.50020450e+00,5.22189547e-03
9.55020230e+00,5.10371323e-03
9.60020010e+00,4.98729590e-03
9.65019770e+00,4.87269488e-03
9.70019520e+00,4.75996159e-03
9.75019270e+00,4.64914743e-03
9.80019010e+00,4.54030382e-03
9.85018730e+00,4.43348217e-03
9.90018450e+00,4.32873387e-03
9.95018160e+00,4.22611035e-03
1.00001785e+01,4.12566301e-03
1.00501754e+01,4.02744327e-03
1.01001721e+01,3.93150252e-03
1.01501688e+01,3.83789219e-03
1.02001654e+01,3.74666368e-03
1.02501618e+01,3.65786839e-03
1.03001581e+01,3.57155775e-03
1.03501544e+01,3.48778315e-03
1.04001505e+01,3.40659601e-03
1.04501465e+01,3.32804774e-03
1.05001424e+01,3.25218975e-03
1.05501382e+01,3.17907344e-03
1.06001339e+01,3.10875023e-03
1.06501295e+01,3.04127153e-03
1.07001250e+01,2.97668873e-03
1.07501203e+01,2.91505327e-03
1.08001156e+01,2.85641653e-03
1.08501107e+01,2.80082994e-03
1.09001057e+01,2.74834491e-03
1.09501006e+01,2.69901283e-03
1.10000953e+01,2.65288513e-03
1.10500900e+01,2.61001320e-03
1.11000845e+01,2.57044847e-03
1.11500789e+01,2.53424233e-03
1.12000732e+01,2.50144621e-03
1.12500674e+01,2.47211150e-03
1.13000614e+01,2.44628963e-03
1.13500553e+01,2.42403199e-03
1.14000491e+01,2.40538999e-03
1.14500427e+01,2.39041505e-03
1.15000363e+01,2.37915858e-03
1.15500297e+01,2.37167199e-03
1.16000229e+01,2.36800668e-03
1.16500161e+01,2.36821406e-03
1.17000091e+01,2.37234554e-03
1.17500020e+01,2.38045254e-03
1.17999947e+01,2.39258647e-03
1.18499873e+01,2.40879872e-03
1.18999798e+01,2.42914071e-03
1.19499721e+01,2.45366386e-03
1.19999643e+01,2.48241957e-03
1.20499564e+01,2.51545924e-03
1.20999483e+01,2.55283430e-03
1.21499401e+01,2.59459614e-03
1.21999317e+01,2.64079618e-03
1.22499232e+01,2.69148583e-03
1.22999146e+01,2.74671650e-03
1.23499058e+01,2.80653959e-03
1.23998969e+01,2.87100652e-03
1.24498878e+01,2.94016869e-03
1.24998786e+01,3.01407752e-03
1.25498692e+01,3.09278441e-03
1.25998597e+01,3.17634078e-03
1.26498500e+01,3.26479803e-03
1.26998402e+01,3.35820757e-03
1.27498303e+01,3.45662081e-03
1.27998201e+01,3.56008916e-03
1.28498099e+01,3.66866404e-03
1.28997995e+01,3.78239684e-03
1.29497889e+01,3.90133899e-03
1.29997781e+01,4.02554188e-03
1.30497673e+01,4.15505694e-03
1.30997562e+01,4.28993556e-03
1.31497450e+01,4.43022916e-03
1.31997336e+01,4.57598914e-03
1.32497221e+01,4.72726692e-03
1.32997104e+01,4.88411391e-03
1.33496986e+01,5.04658151e-03
1.33996866e+01,5.21472114e-03
1.34496744e+01,5.38858420e-03
1.34996621e+01,5.56822210e-03
1.35496496e+01,5.75368626e-03
1.35996369e+01,5.94502808e-03
1.36496240e+01,6.14229897e-03
1.36996110e+01,6.34555035e-03
1.37495979e+01,6.55483361e-03
1.37995845e+01,6.77020017e-03
1.38495710e+01,6.99170145e-03
1.38995573e+01,7.21938884e-03
1.39495434e+01,7.45331376e-03
1.39995294e+01,7.69352762e-03
1.40495152e+01,7.94008183e-03
1.40995008e+01,8.19302779e-03
1.41494863e+01,8.45241692e-03
1.41994715e+01,8.71830063e-03
1.42494566e+01,8.99073032e-03
1.42994415e+01,9.26975740e-03
1.43494262e+01,9.55543329e-03
1.43994108e+01,9.84780940e-03
1.44493951e+01,1.01469371e-02
1.44993793e+01,1.04528679e-02
1.45493633e+01,1.07656531e-02
1.45993471e+01,1.10853441e-02
1.46493307e+01,1.14119924e-02
1.46993141e+01,1.17456494e-02
1.47492974e+01,1.20863665e-02
1.47992804e+01,1.24341950e-02
1.48492633e+01,1.27891865e-02
1.48992460e+01,1.31513923e-02
1.49492285e+01,1.35208637e-02
1.49992108e+01,1.38976523e-02
1.50491929e+01,1.42818095e-02
1.50991748e+01,1.46733866e-02
1.51491565e+01,1.50724350e-02
1.51991380e+01,1.54788988e-02
1.52491194e+01,1.58922517e-02
1.52991007e+01,1.63118385e-02
1.53490821e+01,1.67370041e-02
1.53990635e+01,1.71670933e-02
1.54490450e+01,1.76014511e-02
1.54990268e+01,1.80394223e-02
1.55490088e+01,1.84803518e-02
1.55989912e+01,1.89235844e-02
1.56489740e+01,1.93684651e-02
1.56989573e+01,1.98143387e-02
1.57489411e+01,2.02605500e-02
1.57989256e+01,2.07064440e-02
1.58489107e+01,2.11513655e-02
1.58988965e+01,2.15946594e-02
1.59488832e+01,2.20356705e-02
1.59988708e+01,2.24737438e-02
1.60488593e+01,2.29082241e-02
1.60988489e+01,2.33384562e-02
1.61488395e+01,2.37637852e-02
1.61988313e+01,2.41835557e-02
1.62488244e+01,2.45971128e-02
1.62988187e+01,2.50038012e-02
1.63488144e+01,2.54029658e-02
1.63988115e+01,2.57939516e-02
1.64488101e+01,2.61761033e-02
1.64988103e+01,2.65487660e-02
1.65488121e+01,2.69112843e-02
1.65988156e+01,2.72630032e-02
1.66488208e+01,2.76032677e-02
1.66988279e+01,2.79314224e-02
1.67488369e+01,2.82468124e-02
1.67988479e+01,2.85487825e-02
1.68488609e+01,2.88366776e-02
1.68988761e+01,2.91098425e-02
1.69488934e+01,2.93676221e-02
1.69989129e+01,2.96093613e-02
1.70489348e+01,2.98344049e-02
1.70989590e+01,3.00420979e-02
1.71489857e+01,3.02317851e-02
1.71990149e+01,3.04028113e-02
1.72490466e+01,3.05545215e-02
1.72990810e+01,3.06862606e-02
1.73491182e+01,3.07973733e-02
1.73991581e+01,3.08872045e-02
1.74492009e+01,3.09550992e-02
1.74992466e+01,3.10004023e-02
1.75492953e+01,3.10224585e-02
1.75993470e+01,3.10206127e-02
1.76494019e+01,3.09942099e-02
1.76994599e+01,3.09425949e-02
1.77495212e+01,3.08651125e-02
1.77995859e+01,3.07611077e-02
1.78496539e+01,3.06299253e-02
1.78997254e+01,3.04709102e-02
1.79498004e+01,3.02834073e-02
1.79998790e+01,3.00667614e-02
1.80499613e+01,2.98203174e-02
1.81000473e+01,2.95434201e-02
1.81501372e+01,2.92354146e-02
1.82002308e+01,2.88956455e-02
1.82503285e+01,2.85234579e-02
1.83004301e+01,2.81181965e-02
1.83505358e+01,2.76792062e-02
1.84006457e+01,2.72058320e-02
1.84507597e+01,2.66974187e-02
1.85008780e+01,2.61533111e-02
1.85510007e+01,2.55728541e-02
1.86011278e+01,2.49553927e-02
1.86512594e+01,2.43002716e-02
1.87013955e+01,2.36068358e-02
1.87515362e+01,2.28744301e-02
1.88016816e+01,2.21023993e-02
1.88518318e+01,2.12900885e-02
1.89019868e+01,2.04368424e-02
1.89521466e+01,1.95420059e-02
1.90023114e+01,1.86049200e-02
1.90524810e+01,1.76241198e-02
1.91026543e+01,1.65963531e-02
1.91528304e+01,1.55181270e-02
1.92030083e+01,1.43859488e-02
1.92531871e+01,1.31963258e-02
1.93033656e+01,1.19457652e-02
1.93535428e+01,1.06307744e-02
1.94037179e+01,9.24786052e-03
1.94538897e+01,7.79353095e-03
1.95040573e+01,6.26429291e-03
1.95542197e+01,4.65665367e-03
1.96043758e+01,2.96712051e-03
1.96545247e+01,1.19220069e-03
1.97046654e+01,-6.71598500e-04
1.97547968e+01,-2.62776980e-03
1.98049179e+01,-4.67980600e-03
1.98550278e+01,-6.83119970e-03
1.99051254e+01,-9.08544370e-03
1.99552098e+01,-1.14460308e-02
2.00052799e+01,-1.39164536e-02
2.00553347e+01,-1.65002049e-02
2.01053732e+01,-1.92007775e-02
2.01553945e+01,-2.20216640e-02
2.02053975e+01,-2.49663572e-02
2.02553812e+01,-2.80383497e-02
2.03053446e+01,-3.12411345e-02
2.03552867e+01,-3.45782041e-02
2.04052065e+01,-3.80530513e-02
2.04551030e+01,-4.16691688e-02
2.05049752e+01,-4.54300494e-02
2.05548221e+01,-4.93391858e-02
2.06046427e+01,-5.34000707e-02
2.06544359e+01,-5.76161968e-02
2.07042009e+01,-6.19910569e-02
2.07539365e+01,-6.65281438e-02
2.08036418e+01,-7.12309500e-02
2.08533157e+01,-7.61029685e-02
2.09029573e+01,-8.11476918e-02
2.09525656e+01,-8.63686128e-02
2.10021395e+01,-9.17692244e-02
2.10516781e+01,-9.73530184e-02
2.11011803e+01,-1.03123488e-01
2.11506452e+01,-1.09084127e-01
2.12000717e+01,-1.15238427e-01
2.12494589e+01,-1.21589881e-01
2.12988056e+01,-1.28141982e-01
2.13481110e+01,-1.34898222e-01
2.13973741e+01,-1.41862095e-01
2.14465937e+01,-1.49037092e-01
2.14957690e+01,-1.56426707e-01
2.15448989e+01,-1.64034432e-01
2.15939823e+01,-1.71863761e-01
2.16430184e+01,-1.79918185e-01
2.16920061e+01,-1.88201198e-01
2.17409444e+01,-1.96716293e-01
2.17898323e+01,-2.05466961e-01
2.18386688e+01,-2.14456696e-01
2.18874529e+01,-2.23688990e-01
2.19361835e+01,-2.33167337e-01
2.19848597e+01,-2.42895229e-01
2.20334805e+01,-2.52876158e-01
2.20820449e+01,-2.63113618e-01
2.21305518e+01,-2.73611101e-01
2.21790003e+01,-2.84372100e-01
2.22273894e+01,-2.95400107e-01
2.22757180e+01,-3.06698616e-01
2.23239851e+01,-3.18271119e-01
2.23721898e+01,-3.30120968e-01
2.24203308e+01,-3.42249261e-01
2.24684067e+01,-3.54655278e-01
2.25164160e+01,-3.67338247e-01
2.25643574e+01,-3.80297395e-01
2.26122295e+01,-3.93531951e-01
2.26600307e+01,-4.07041142e-01
2.27077597e+01,-4.20824196e-01
2.27554151e+01,-4.34880342e-01
2.28029955e+01,-4.49208807e-01
2.28504993e+01,-4.63808819e-01
2.28979253e+01,-4.78679606e-01
2.29452721e+01,-4.93820396e-01
2.29925381e+01,-5.09230417e-01
2.30397219e+01,-5.24908897e-01
2.30868222e+01,-5.40855064e-01
2.31338375e+01,-5.57068145e-01
2.31807665e+01,-5.73547369e-01
2.32276076e+01,-5.90291963e-01
2.32743595e+01,-6.07301156e-01
2.33210207e+01,-6.24574175e-01
2.33675899e+01,-6.42110249e-01
2.34140656e+01,-6.59908605e-01
2.34604464e+01,-6.77968470e-01
2.35067309e+01,-6.96289075e-01
2.35529176e+01,-7.14869645e-01
2.35990052e+01,-7.33709409e-01
2.36449922e+01,-7.52807594e-01
2.36908772e+01,-7.72163430e-01
2.37366588e+01,-7.91776143e-01
2.37823356e+01,-8.11644962e-01
2.38279061e+01,-8.31769115e-01
2.38733690e+01,-8.52147829e-01
2.39187227e+01,-8.72780332e-01
2.39639660e+01,-8.93665853e-01
2.40090974e+01,-9.14803619e-01
2.40541154e+01,-9.36192858e-01
2.40990186e+01,-9.57832799e-01
2.41438057e+01,-9.79722668e-01
2.41884752e+01,-1.00186170e+00
2.42330256e+01,-1.02424911e+00
2.42774557e+01,-1.04688413e+00
2.43217638e+01,-1.06976600e+00
2.43659487e+01,-1.09289393e+00
2.44100090e+01,-1.11626716e+00
2.44539431e+01,-1.13988492e+00
2.44977497e+01,-1.16374642e+00
2.45414273e+01,-1.18785091e+00
2.45849746e+01,-1.21219761e+00
2.46283901e+01,-1.23678574e+00
2.46716724e+01,-1.26161454e+00
2.47148201e+01,-1.28668322e+00
2.47578318e+01,-1.31199103e+00
2.48007060e+01,-1.33753719e+00
2.48434413e+01,-1.36332092e+00
2.48860364e+01,-1.38934146e+00
2.49284897e+01,-1.41559802e+00
2.49707999e+01,-1.44208985e+00
2.50129656e+01,-1.46881616e+00
2.50549853e+01,-1.49577619e+00
2.50968576e+01,-1.52296917e+00
2.51385812e+01,-1.55039431e+00
2.51801545e+01,-1.57805086e+00
2.52215762e+01,-1.60593803e+00
2.52628448e+01,-1.63405505e+00
2.53039589e+01,-1.66240116e+00
2.53449172e+01,-1.69097558e+00
2.53857181e+01,-1.71977754e+00
2.54263604e+01,-1.74880627e+00
2.54668424e+01,-1.77806099e+00
2.55071629e+01,-1.80754093e+00
2.55473205e+01,-1.83724533e+00
2.55873136e+01,-1.86717340e+00
2.56271409e+01,-1.89732438e+00
2.56668010e+01,-1.92769749e+00
2.57062924e+01,-1.95829197e+00
2.57456137e+01,-1.98910703e+00
2.57847635e+01,-2.02014192e+00
2.58237405e+01,-2.05139585e+00
2.58625431e+01,-2.08286805e+00
2.59011699e+01,-2.11455776e+00
2.59396196e+01,-2.14646419e+00
2.59778907e+01,-2.17858659e+00
2.60159818e+01,-2.21092417e+00
2.60538915e+01,-2.24347616e+00
2.60916183e+01,-2.27624179e+00
2.61291609e+01,-2.30922030e+00
2.61665178e+01,-2.34241090e+00
2.62036876e+01,-2.37581283e+00
2.62406689e+01,-2.40942531e+00
2.62774603e+01,-2.44324757e+00
2.63140603e+01,-2.47727884e+00
2.63504675e+01,-2.51151834e+00
2.63866806e+01,-2.54596532e+00
2.64226980e+01,-2.58061898e+00
2.64585184e+01,-2.61547857e+00
2.64941404e+01,-2.65054330e+00
2.65295625e+01,-2.68581241e+00
2.65647834e+01,-2.72128513e+00
2.65998015e+01,-2.75696067e+00
2.66346156e+01,-2.79283828e+00
2.66692241e+01,-2.82891718e+00
2.67036256e+01,-2.86519659e+00
2.67378188e+01,-2.90167575e+00
2.67718022e+01,-2.93835387e+00
2.68055747e+01,-2.97522990e+00
2.68391357e+01,-3.01230237e+00
2.68724847e+01,-3.04956980e+00
2.69056209e+01,-3.08703071e+00
2.69385438e+01,-3.12468361e+00
2.69712529e+01,-3.16252702e+00
2.70037474e+01,-3.20055945e+00
2.70360268e+01,-3.23877942e+00
2.70680905e+01,-3.27718544e+00
2.70999380e+01,-3.31577603e+00
2.71315685e+01,-3.35454971e+00
2.71629815e+01,-3.39350498e+00
2.71941765e+01,-3.43264037e+00
2.72251527e+01,-3.47195439e+00
2.72559096e+01,-3.51144555e+00
2.72864466e+01,-3.55111237e+00
2.73167631e+01,-3.59095337e+00
2.73468585e+01,-3.63096706e+00
2.73767322e+01,-3.67115196e+00
2.74063836e+01,-3.71150658e+00
2.74358121e+01,-3.75202943e+00
2.74650171e+01,-3.79271904e+00
2.74939980e+01,-3.83357392e+00
2.75227542e+01,-3.87459258e+00
2.75512851e+01,-3.91577354e+00
2.75795900e+01,-3.95711531e+00
2.76076685e+01,-3.99861641e+00
2.76355198e+01,-4.04027535e+00
2.76631435e+01,-4.08209066e+00
2.76905388e+01,-4.12406084e+00
2.77177052e+01,-4.16618441e+00
2.77446422e+01,-4.20845988e+00
2.77713490e+01,-4.25088578e+00
2.77978251e+01,-4.29346061e+00
2.78240699e+01,-4.33618290e+00
2.78500827e+01,-4.37905115e+00
2.78758631e+01,-4.42206388e+00
2.79014104e+01,-4.46521961e+00
2.79267239e+01,-4.50851686e+00
2.79518032e+01,-4.55195413e+00
2.79766475e+01,-4.59552995e+00
2.80012563e+01,-4.63924283e+00
2.80256290e+01,-4.68309128e+00
2.80497650e+01,-4.72707381e+00
2.80736637e+01,-4.77118896e+00
2.80973244e+01,-4.81543522e+00
2.81207467e+01,-4.85981112e+00
2.81439298e+01,-4.90431518e+00
2.81668732e+01,-4.94894589e+00
2.81895763e+01,-4.99370179e+00
2.82120385e+01,-5.03858139e+00
2.82342592e+01,-5.08358320e+00
2.82562377e+01,-5.12870573e+00
2.82779736e+01,-5.17394751e+00
2.82994661e+01,-5.21930705e+00
2.83207147e+01,-5.26478286e+00
2.83417188e+01,-5.31037346e+00
2.83624778e+01,-5.35607736e+00
2.83829910e+01,-5.40189308e+00
2.84032579e+01,-5.44781914e+00
2.84232780e+01,-5.49385405e+00
2.84430505e+01,-5.53999632e+00
2.84625748e+01,-5.58624447e+00
2.84818505e+01,-5.63259702e+00
2.85008768e+01,-5.67905248e+00
2.85196532e+01,-5.72560937e+00
2.85381791e+01,-5.77226620e+00
2.85564539e+01,-5.81902149e+00
2.85744770e+01,-5.86587375e+00
2.85922477e+01,-5.91282150e+00
2.86097655e+01,-5.95986325e+00
2.86270298e+01,-6.00699752e+00
2.86440400e+01,-6.05422283e+00
2.86607954e+01,-6.10153768e+00
2.86772955e+01,-6.14894060e+00
2.86935397e+01,-6.19643010e+00
2.87095274e+01,-6.24400469e+00
2.87252579e+01,-6.29166290e+00
2.87407308e+01,-6.33940323e+00
2.87559452e+01,-6.38722420e+00
2.87709008e+01,-6.43512433e+00
2.87855969e+01,-6.48310213e+00
2.88000328e+01,-6.53115611e+00
2.88142080e+01,-6.57928480e+00
2.88281218e+01,-6.62748671e+00
2.88417738e+01,-6.67576035e+00
2.88551632e+01,-6.72410424e+00
2.88682895e+01,-6.77251690e+00
2.88811520e+01,-6.82099683e+00
2.88937502e+01,-6.86954256e+00
2.89060835e+01,-6.91815260e+00
2.89181513e+01,-6.96682546e+00
2.89299529e+01,-7.01555966e+00
2.89414878e+01,-7.06435372e+00
2.89527554e+01,-7.11320615e+00
2.89637551e+01,-7.16211547e+00
2.89744862e+01,-7.21108019e+00
2.89849482e+01,-7.26009882e+00
2.89951404e+01,-7.30916989e+00
2.90050623e+01,-7.35829191e+00
2.90147133e+01,-7.40746339e+00
2.90240927e+01,-7.45668285e+00
2.90332001e+01,-7.50594880e+00
2.90420347e+01,-7.55525976e+00
2.90505959e+01,-7.60461424e+00
2.90588832e+01,-7.65401077e+00
2.90668960e+01,-7.70344785e+00
2.90746337e+01,-7.75292400e+00
2.90820956e+01,-7.80243773e+00
2.90892811e+01,-7.85198757e+00
2.90961898e+01,-7.90157202e+00
2.91028209e+01,-7.95118961e+00
2.91091739e+01,-8.00083884e+00
2.91152481e+01,-8.05051824e+00
2.91210430e+01,-8.10022631e+00
2.91265580e+01,-8.14996158e+00
2.91317929e+01,-8.19972258e+00
2.91367482e+01,-8.24950790e+00
2.91414239e+01,-8.29931609e+00
2.91458204e+01,-8.34914573e+00
2.91499380e+01,-8.39899539e+00
2.91537769e+01,-8.44886362e+00
2.91573374e+01,-8.49874901e+00
2.91606197e+01,-8.54865012e+00
2.91636242e+01,-8.59856551e+00
2.91663511e+01,-8.64849376e+00
2.91688006e+01,-8.69843344e+00
2.91709731e+01,-8.74838311e+00
2.91728688e+01,-8.79834135e+00
2.91744879e+01,-8.84830671e+00
2.91758308e+01,-8.89827778e+00
2.91768977e+01,-8.94825311e+00
2.91776888e+01,-8.99823128e+00
2.91782045e+01,-9.04821086e+00
2.91784451e+01,-9.09819040e+00
2.91784106e+01,-9.14816849e+00
2.91781016e+01,-9.19814370e+00
2.91775181e+01,-9.24811458e+00
2.91766606e+01,-9.29807971e+00
2.91755292e+01,-9.34803765e+00
2.91741242e+01,-9.39798698e+00
2.91724459e+01,-9.44792627e+00
2.91704946e+01,-9.49785407e+00
2.91682705e+01,-9.54776897e+00
2.91657739e+01,-9.59766953e+00
2.91630051e+01,-9.64755431e+00
2.91599643e+01,-9.69742189e+00
2.91566518e+01,-9.74727083e+00
2.91530679e+01,-9.79709971e+00
2.91492128e+01,-9.84690709e+00
2.91450868e+01,-9.89669154e+00
2.91406902e+01,-9.94645163e+00
2.91360233e+01,-9.99618595e+00
2.91310862e+01,-1.00458929e+01
2.91258794e+01,-1.00955714e+01
2.91204029e+01,-1.01452197e+01
2.91146573e+01,-1.01948365e+01
2.91086425e+01,-1.02444204e+01
2.91023591e+01,-1.02939699e+01
2.90958072e+01,-1.03434835e+01
2.90889870e+01,-1.03929599e+01
2.90818990e+01,-1.04423977e+01
2.90745432e+01,-1.04917953e+01
2.90669201e+01,-1.05411514e+01
2.90590298e+01,-1.05904646e+01
2.90508727e+01,-1.06397333e+01
2.90424489e+01,-1.06889562e+01
2.90337589e+01,-1.07381318e+01
2.90248027e+01,-1.07872588e+01
2.90155808e+01,-1.08363356e+01
2.90060934e+01,-1.08853608e+01
2.89963407e+01,-1.09343331e+01
2.89863230e+01,-1.09832509e+01
2.89760406e+01,-1.10321129e+01
2.89654938e+01,-1.10809176e+01
2.89546827e+01,-1.11296636e+01
2.89436078e+01,-1.11783494e+01
2.89322692e+01,-1.12269737e+01
2.89206673e+01,-1.12755349e+01
2.89088022e+01,-1.13240318e+01
2.88966743e+01,-1.13724627e+01
2.88842839e+01,-1.14208263e+01
2.88716311e+01,-1.14691212e+01
2.88587163e+01,-1.15173459e+01
2.88455397e+01,-1.15654991e+01
2.88321017e+01,-1.16135792e+01
2.88184024e+01,-1.16615848e+01
2.88044421e+01,-1.17095145e+01
2.87902212e+01,-1.17573669e+01
2.87757399e+01,-1.18051406e+01
2.87609984e+01,-1.18528341e+01
2.87459970e+01,-1.19004459e+01
2.87307360e+01,-1.19479747e+01
2.87152156e+01,-1.19954190e+01
2.86994362e+01,-1.20427774e+01
2.86833979e+01,-1.20900485e+01
2.86671012e+01,-1.21372308e+01
2.86505461e+01,-1.21843228e+01
2.86337330e+01,-1.22313233e+01
2.86166622e+01,-1.22782306e+01
2.85993340e+01,-1.23250435e+01
2.85817485e+01,-1.23717604e+01
2.85639061e+01,-1.24183800e+01
2.85458070e+01,-1.24649007e+01
2.85274516e+01,-1.25113213e+01
2.85088400e+01,-1.25576402e+01
2.84899726e+01,-1.26038559e+01
2.84708495e+01,-1.26499672e+01
2.84514712e+01,-1.26959725e+01
2.84318378e+01,-1.27418704e+01
2.84119496e+01,-1.27876595e+01
2.83918069e+01,-1.28333384e+01
2.83714100e+01,-1.28789056e+01
2.83507591e+01,-1.29243596e+01
2.83298544e+01,-1.29696991e+01
2.83086963e+01,-1.30149227e+01
2.82872851e+01,-1.30600288e+01
2.82656210e+01,-1.31050161e+01
2.82437042e+01,-1.31498832e+01
2.82215350e+01,-1.31946285e+01
2.81991141e+01,-1.32392508e+01
2.81764424e+01,-1.32837490e+01
2.81535210e+01,-1.33281218e+01
2.81303509e+01,-1.33723681e+01
2.81069331e+01,-1.34164869e+01
2.80832686e+01,-1.34604768e+01
2.80593585e+01,-1.35043369e+01
2.80352038e+01,-1.35480658e+01
2.80108055e+01,-1.35916626e+01
2.79861647e+01,-1.36351259e+01
2.79612824e+01,-1.36784548e+01
2.79361595e+01,-1.37216479e+01
2.79107973e+01,-1.37647043e+01
2.78851966e+01,-1.38076226e+01
2.78593585e+01,-1.38504019e+01
2.78332841e+01,-1.38930408e+01
2.78069743e+01,-1.39355384e+01
2.77804302e+01,-1.39778933e+01
2.77536529e+01,-1.40201046e+01
2.77266432e+01,-1.40621709e+01
2.76994024e+01,-1.41040912e+01
2.76719314e+01,-1.41458644e+01
2.76442312e+01,-1.41874892e+01
2.76163029e+01,-1.42289645e+01
2.75881474e+01,-1.42702892e+01
2.75597659e+01,-1.43114621e+01
2.75311594e+01,-1.43524821e+01
2.75023288e+01,-1.43933481e+01
2.74732752e+01,-1.44340587e+01
2.74439997e+01,-1.44746130e+01
2.74145033e+01,-1.45150098e+01
2.73847869e+01,-1.45552479e+01
2.73548517e+01,-1.45953262e+01
2.73246986e+01,-1.46352434e+01
2.72943287e+01,-1.46749986e+01
2.72637431e+01,-1.47145904e+01
2.72329426e+01,-1.47540179e+01
2.72019285e+01,-1.47932797e+01
2.71707016e+01,-1.48323748e+01
2.71392631e+01,-1.48713020e+01
2.71076139e+01,-1.49100602e+01
2.70757551e+01,-1.49486482e+01
2.70436878e+01,-1.49870649e+01
2.70114129e+01,-1.50253091e+01
2.69789314e+01,-1.50633796e+01
2.69462445e+01,-1.51012754e+01
2.69133531e+01,-1.51389952e+01
2.68802582e+01,-1.51765380e+01
2.68469610e+01,-1.52139025e+01
2.68134624e+01,-1.52510876e+01
2.67797634e+01,-1.52880922e+01
2.67458651e+01,-1.53249150e+01
2.67117685e+01,-1.53615551e+01
2.66774746e+01,-1.53980112e+01
2.66429845e+01,-1.54342821e+01
2.66082992e+01,-1.54703667e+01
2.65734198e+01,-1.55062639e+01
2.65383471e+01,-1.55419725e+01
2.65030824e+01,-1.55774914e+01
2.64676265e+01,-1.56128193e+01
2.64319807e+01,-1.56479553e+01
2.63961457e+01,-1.56828980e+01
2.63601228e+01,-1.57176464e+01
2.63239129e+01,-1.57521993e+01
2.62875170e+01,-1.57865556e+01
2.62509363e+01,-1.58207140e+01
2.62141716e+01,-1.58546736e+01
2.61772241e+01,-1.58884330e+01
2.61400948e+01,-1.59219912e+01
2.61027846e+01,-1.59553470e+01
2.60652947e+01,-1.59884992e+01
2.60276260e+01,-1.60214468e+01
2.59897797e+01,-1.60541885e+01
2.59517566e+01,-1.60867232e+01
2.59135579e+01,-1.61190498e+01
2.58751846e+01,-1.61511671e+01
2.58366377e+01,-1.61830739e+01
2.57979182e+01,-1.62147691e+01
2.57590271e+01,-1.62462516e+01
2.57199656e+01,-1.62775202e+01
2.56807345e+01,-1.63085738e+01
2.56413351e+01,-1.63394111e+01
2.56017681e+01,-1.63700311e+01
2.55620348e+01,-1.64004326e+01
2.55221362e+01,-1.64306145e+01
2.54820732e+01,-1.64605755e+01
2.54418469e+01,-1.64903146e+01
2.54014583e+01,-1.65198306e+01
2.53609084e+01,-1.65491224e+01
2.53201984e+01,-1.65781887e+01
2.52793291e+01,-1.66070285e+01
2.52383017e+01,-1.66356406e+01
2.51971172e+01,-1.66640239e+01
2.51557765e+01,-1.66921771e+01
2.51142808e+01,-1.67200992e+01
2.50726311e+01,-1.67477890e+01
2.50308283e+01,-1.67752453e+01
2.49888735e+01,-1.68024671e+01
2.49467678e+01,-1.68294531e+01
2.49045121e+01,-1.68562021e+01
2.48621075e+01,-1.68827132e+01
2.48195551e+01,-1.69089850e+01
2.47768558e+01,-1.69350164e+01
2.47340107e+01,-1.69608064e+01
2.46910210e+01,-1.69863539e+01
2.46478880e+01,-1.70116586e+01
2.46046133e+01,-1.70367199e+01
2.45611983e+01,-1.70615376e+01
2.45176446e+01,-1.70861113e+01
2.44739536e+01,-1.71104405e+01
2.44301267e+01,-1.71345249e+01
2.43861656e+01,-1.71583642e+01
2.43420716e+01,-1.71819579e+01
2.42978462e+01,-1.72053056e+01
2.42534910e+01,-1.72284070e+01
2.42090074e+01,-1.72512617e+01
2.41643969e+01,-1.72738693e+01
2.41196609e+01,-1.72962294e+01
2.40748011e+01,-1.73183417e+01
2.40298187e+01,-1.73402057e+01
2.39847154e+01,-1.73618211e+01
2.39394925e+01,-1.73831875e+01
2.38941517e+01,-1.74043045e+01
2.38486943e+01,-1.74251718e+01
2.38031219e+01,-1.74457888e+01
2.37574359e+01,-1.74661554e+01
2.37116378e+01,-1.74862711e+01
2.36657292e+01,-1.75061354e+01
2.36197114e+01,-1.75257481e+01
2.35735859e+01,-1.75451087e+01
2.35273543e+01,-1.75642169e+01
2.34810181e+01,-1.75830723e+01
2.34345787e+01,-1.76016744e+01
2.33880375e+01,-1.76200230e+01
2.33413961e+01,-1.76381176e+01
2.32946560e+01,-1.76559579e+01
2.32478187e+01,-1.76735434e+01
2.32008855e+01,-1.76908738e+01
2.31538581e+01,-1.77079487e+01
2.31067378e+01,-1.77247677e+01
2.30595262e+01,-1.77413305e+01
2.30122248e+01,-1.77576367e+01
2.29648350e+01,-1.77736858e+01
2.29173584e+01,-1.77894775e+01
2.28697963e+01,-1.78050114e+01
2.28221503e+01,-1.78202871e+01
2.27744219e+01,-1.78353044e+01
2.27266126e+01,-1.78500626e+01
2.26787238e+01,-1.78645616e+01
2.26307570e+01,-1.78788008e+01
2.25827137e+01,-1.78927800e+01
2.25345953e+01,-1.79064987e+01
2.24864035e+01,-1.79199566e+01
2.24381395e+01,-1.79331533e+01
2.23898051e+01,-1.79460883e+01
2.23414015e+01,-1.79587614e+01
2.22929303e+01,-1.79711721e+01
2.22443930e+01,-1.79833200e+01
2.21957910e+01,-1.79952049e+01
2.21471259e+01,-1.80068262e+01
2.20983992e+01,-1.80181836e+01
2.20496122e+01,-1.80292767e+01
2.20007665e+01,-1.80401051e+01
2.19518636e+01,-1.80506686e+01
2.19029049e+01,-1.80609665e+01
2.18538920e+01,-1.80709987e+01
2.18048263e+01,-1.80807647e+01
2.17557093e+01,-1.80902642e+01
2.17065425e+01,-1.80994966e+01
2.16573273e+01,-1.81084618e+01
2.16080653e+01,-1.81171592e+01
2.15587580e+01,-1.81255886e+01
2.15094067e+01,-1.81337494e+01
2.14600131e+01,-1.81416414e+01
2.14105785e+01,-1.81492642e+01
2.13611045e+01,-1.81566173e+01
2.13115925e+01,-1.81637004e+01
2.12620441e+01,-1.81705131e+01
2.12124607e+01,-1.81770551e+01
2.11628437e+01,-1.81833259e+01
2.11131948e+01,-1.81893252e+01
2.10635153e+01,-1.81950525e+01
2.10138067e+01,-1.82005076e+01
2.09640706e+01,-1.82056900e+01
2.09143084e+01,-1.82105993e+01
2.08645215e+01,-1.82152351e+01
2.08147116e+01,-1.82195972e+01
2.07648800e+01,-1.82236850e+01
2.07150282e+01,-1.82274983e+01
2.06651577e+01,-1.82310366e+01
2.06152701e+01,-1.82342995e+01
2.05653667e+01,-1.82372867e+01
2.05154491e+01,-1.82399978e+01
2.04655187e+01,-1.82424323e+01
2.04155771e+01,-1.82445900e+01
2.03656257e+01,-1.82464705e+01
2.03156660e+01,-1.82480733e+01
2.02656995e+01,-1.82493980e+01
2.02157276e+01,-1.82504444e+01
2.01657519e+01,-1.82512119e+01
2.01157738e+01,-1.82517003e+01
2.00657948e+01,-1.82519092e+01
2.00158164e+01,-1.82518381e+01
1.99658401e+01,-1.82514867e+01
1.99158674e+01,-1.82508546e+01
1.98658996e+01,-1.82499414e+01
1.98159384e+01,-1.82487467e+01
1.97659853e+01,-1.82472702e+01
1.97160415e+01,-1.82455116e+01
1.96661087e+01,-1.82434713e+01
1.96161883e+01,-1.82411498e+01
1.95662816e+01,-1.82385475e+01
1.95163901e+01,-1.82356651e+01
1.94665152e+01,-1.82325030e+01
1.94166583e+01,-1.82290617e+01
1.93668209e+01,-1.82253417e+01
1.93170044e+01,-1.82213436e+01
1.92672102e+01,-1.82170679e+01
1.92174398e+01,-1.82125150e+01
1.91676945e+01,-1.82076855e+01
1.91179757e+01,-1.82025799e+01
1.90682850e+01,-1.81971988e+01
1.90186237e+01,-1.81915425e+01
1.89689933e+01,-1.81856117e+01
1.89193952e+01,-1.81794069e+01
1.88698307e+01,-1.81729285e+01
1.88203014e+01,-1.81661770e+01
1.87708087e+01,-1.81591531e+01
1.87213539e+01,-1.81518571e+01
1.86719385e+01,-1.81442897e+01
1.86225640e+01,-1.81364512e+01
1.85732317e+01,-1.81283423e+01
1.85239431e+01,-1.81199634e+01
1.84746996e+01,-1.81113151e+01
1.84255026e+01,-1.81023979e+01
1.83763536e+01,-1.80932122e+01
1.83272540e+01,-1.80837586e+01
1.82782051e+01,-1.80740376e+01
1.82292085e+01,-1.80640497e+01
1.81802655e+01,-1.80537955e+01
1.81313776e+01,-1.80432754e+01
1.80825463e+01,-1.80324899e+01
1.80337728e+01,-1.80214396e+01
1.79850587e+01,-1.80101249e+01
1.79364053e+01,-1.79985464e+01
1.78878142e+01,-1.79867047e+01
1.78392866e+01,-1.79746001e+01
1.77908241e+01,-1.79622333e+01
1.77424281e+01,-1.79496046e+01
1.76941000e+01,-1.79367148e+01
1.76458412e+01,-1.79235641e+01
1.75976532e+01,-1.79101533e+01
1.75495373e+01,-1.78964827e+01
1.75014950e+01,-1.78825529e+01
1.74535277e+01,-1.78683644e+01
1.74056369e+01,-1.78539177e+01
1.73578239e+01,-1.78392133e+01
1.73100903e+01,-1.78242518e+01
1.72624373e+01,-1.78090336e+01
1.72148665e+01,-1.77935593e+01
1.71673792e+01,-1.77778293e+01
1.71199770e+01,-1.77618442e+01
1.70726611e+01,-1.77456046e+01
1.70254331e+01,-1.77291108e+01
1.69782944e+01,-1.77123634e+01
1.69312463e+01,-1.76953630e+01
1.68842904e+01,-1.76781100e+01
1.68374280e+01,-1.76606050e+01
1.67906606e+01,-1.76428484e+01
1.67439895e+01,-1.76248408e+01
1.66974163e+01,-1.76065827e+01
1.66509423e+01,-1.75880746e+01
1.66045689e+01,-1.75693170e+01
1.65582977e+01,-1.75503104e+01
1.65121299e+01,-1.75310554e+01
1.64660671e+01,-1.75115524e+01
1.64201106e+01,-1.74918020e+01
1.63742619e+01,-1.74718046e+01
1.63285225e+01,-1.74515608e+01
1.62828936e+01,-1.74310711e+01
1.62373768e+01,-1.74103361e+01
1.61919735e+01,-1.73893561e+01
1.61466851e+01,-1.73681318e+01
1.61015131e+01,-1.73466636e+01
1.60564587e+01,-1.73249520e+01
1.60115236e+01,-1.73029977e+01
1.59667091e+01,-1.72808010e+01
1.59220166e+01,-1.72583624e+01
1.58774475e+01,-1.72356826e+01
1.58330033e+01,-1.72127620e+01
1.57886855e+01,-1.71896012e+01
1.57444953e+01,-1.71662005e+01
1.57004343e+01,-1.71425606e+01
1.56565039e+01,-1.71186820e+01
1.56127055e+01,-1.70945651e+01
1.55690405e+01,-1.70702106e+01
1.55255103e+01,-1.70456188e+01
1.54821165e+01,-1.70207903e+01
1.54388603e+01,-1.69957256e+01
1.53957432e+01,-1.69704253e+01
1.53527667e+01,-1.69448898e+01
1.53099322e+01,-1.69191197e+01
1.52672411e+01,-1.68931154e+01
1.52246948e+01,-1.68668775e+01
1.51822947e+01,-1.68404065e+01
1.51400423e+01,-1.68137029e+01
1.50979390e+01,-1.67867672e+01
1.50559862e+01,-1.67595999e+01
1.50141853e+01,-1.67322016e+01
1.49725379e+01,-1.67045727e+01
1.49310452e+01,-1.66767138e+01
1.48897087e+01,-1.66486253e+01
1.48485299e+01,-1.66203078e+01
1.48075101e+01,-1.65917619e+01
1.47666509e+01,-1.65629879e+01
1.47259535e+01,-1.65339864e+01
1.46854195e+01,-1.65047580e+01
1.46450502e+01,-1.64753031e+01
1.46048472e+01,-1.64456223e+01
1.45648117e+01,-1.64157160e+01
1.45249453e+01,-1.63855848e+01
1.44852494e+01,-1.63552292e+01
1.44457253e+01,-1.63246497e+01
1.44063746e+01,-1.62938468e+01
1.43671984e+01,-1.62628213e+01
1.43281977e+01,-1.62315743e+01
1.42893735e+01,-1.62001071e+01
1.42507264e+01,-1.61684209e+01
1.42122576e+01,-1.61365171e+01
1.41739677e+01,-1.61043969e+01
1.41358578e+01,-1.60720615e+01
1.40979287e+01,-1.60395122e+01
1.40601812e+01,-1.60067504e+01
1.40226163e+01,-1.59737771e+01
1.39852348e+01,-1.59405938e+01
1.39480376e+01,-1.59072017e+01
1.39110255e+01,-1.58736020e+01
1.38741996e+01,-1.58397959e+01
1.38375606e+01,-1.58057849e+01
1.38011094e+01,-1.57715701e+01
1.37648469e+01,-1.57371527e+01
1.37287740e+01,-1.57025341e+01
1.36928916e+01,-1.56677156e+01
1.36572005e+01,-1.56326983e+01
1.36217016e+01,-1.55974835e+01
1.35863959e+01,-1.55620726e+01
1.35512841e+01,-1.55264667e+01
1.35163672e+01,-1.54906671e+01
1.34816460e+01,-1.54546752e+01
1.34471215e+01,-1.54184921e+01
1.34127944e+01,-1.53821191e+01
1.33786658e+01,-1.53455575e+01
1.33447364e+01,-1.53088086e+01
1.33110071e+01,-1.52718736e+01
1.32774789e+01,-1.52347537e+01
1.32441526e+01,-1.51974503e+01
1.32110290e+01,-1.51599646e+01
1.31781091e+01,-1.51222978e+01
1.31453938e+01,-1.50844513e+01
1.31128838e+01,-1.50464263e+01
1.30805802e+01,-1.50082240e+01
1.30484838e+01,-1.49698458e+01
1.30165954e+01,-1.49312928e+01
1.29849159e+01,-1.48925664e+01
1.29534463e+01,-1.48536678e+01
1.29221874e+01,-1.48145982e+01
1.28911401e+01,-1.47753590e+01
1.28603052e+01,-1.47359514e+01
1.28296836e+01,-1.46963767e+01
1.27992763e+01,-1.46566361e+01
1.27690841e+01,-1.46167308e+01
1.27391078e+01,-1.45766623e+01
1.27093485e+01,-1.45364316e+01
1.26798068e+01,-1.44960401e+01
1.26504838e+01,-1.44554891e+01
1.26213802e+01,-1.44147798e+01
1.25924971e+01,-1.43739134e+01
1.25638352e+01,-1.43328913e+01
1.25353954e+01,-1.42917146e+01
1.25071787e+01,-1.42503848e+01
1.24791859e+01,-1.42089029e+01
1.24514178e+01,-1.41672704e+01
1.24238754e+01,-1.41254883e+01
1.23965595e+01,-1.40835581e+01
1.23694711e+01,-1.40414810e+01
1.23426109e+01,-1.39992582e+01
1.23159799e+01,-1.39568910e+01
1.22895790e+01,-1.39143807e+01
1.22634090e+01,-1.38717285e+01
1.22374709e+01,-1.38289357e+01
1.22117654e+01,-1.37860036e+01
1.21862935e+01,-1.37429334e+01
1.21610561e+01,-1.36997264e+01
1.21360540e+01,-1.36563838e+01
1.21112881e+01,-1.36129069e+01
1.20867593e+01,-1.35692970e+01
1.20624685e+01,-1.35255553e+01
1.20384165e+01,-1.34816832e+01
1.20146043e+01,-1.34376818e+01
1.19910326e+01,-1.33935524e+01
1.19677025e+01,-1.33492963e+01
1.19446148e+01,-1.33049148e+01
1.19217703e+01,-1.32604090e+01
1.18991699e+01,-1.32157804e+01
1.18768146e+01,-1.31710301e+01
1.18547051e+01,-1.31261594e+01
1.18328424e+01,-1.30811696e+01
1.18112274e+01,-1.30360619e+01
1.17898609e+01,-1.29908376e+01
1.17687438e+01,-1.29454980e+01
1.17478771e+01,-1.29000443e+01
1.17272614e+01,-1.28544778e+01
1.17068979e+01,-1.28087997e+01
1.16867873e+01,-1.27630114e+01
1.16669304e+01,-1.27171140e+01
1.16473283e+01,-1.26711089e+01
1.16279817e+01,-1.26249973e+01
1.16088916e+01,-1.25787804e+01
1.15900589e+01,-1.25324596e+01
1.15714843e+01,-1.24860360e+01
1.15531688e+01,-1.24395111e+01
1.15351133e+01,-1.23928859e+01
1.15173187e+01,-1.23461618e+01
1.14997858e+01,-1.22993401e+01
1.14825155e+01,-1.22524220e+01
1.14655086e+01,-1.22054087e+01
1.14487662e+01,-1.21583016e+01
1.14322890e+01,-1.21111019e+01
1.14160778e+01,-1.20638109e+01
1.14001328e+01,-1.20164301e+01
1.13844541e+01,-1.19689610e+01
1.13690417e+01,-1.19214050e+01
1.13538958e+01,-1.18737637e+01
1.13390163e+01,-1.18260387e+01
1.13244034e+01,-1.17782313e+01
1.13100571e+01,-1.17303431e+01
1.12959776e+01,-1.16823757e+01
1.12821648e+01,-1.16343305e+01
1.12686189e+01,-1.15862090e+01
1.12553399e+01,-1.15380128e+01
1.12423279e+01,-1.14897433e+01
1.12295829e+01,-1.14414021e+01
1.12171051e+01,-1.13929907e+01
1.12048945e+01,-1.13445105e+01
1.11929512e+01,-1.12959631e+01
1.11812752e+01,-1.12473500e+01
1.11698667e+01,-1.11986727e+01
1.11587256e+01,-1.11499326e+01
1.11478521e+01,-1.11011314e+01
1.11372463e+01,-1.10522705e+01
1.11269081e+01,-1.10033515e+01
1.11168378e+01,-1.09543757e+01
1.11070353e+01,-1.09053448e+01
1.10975007e+01,-1.08562602e+01
1.10882341e+01,-1.08071235e+01
1.10792356e+01,-1.07579362e+01
1.10705053e+01,-1.07086997e+01
1.10620431e+01,-1.06594156e+01
1.10538492e+01,-1.06100853e+01
1.10459237e+01,-1.05607105e+01
1.10382666e+01,-1.05112925e+01
1.10308780e+01,-1.04618330e+01
1.10237580e+01,-1.04123334e+01
1.10169066e+01,-1.03627951e+01
1.10103240e+01,-1.03132198e+01
1.10040101e+01,-1.02636090e+01
1.09979651e+01,-1.02139640e+01
1.09921890e+01,-1.01642866e+01
1.09866819e+01,-1.01145780e+01
1.09814439e+01,-1.00648400e+01
1.09764750e+01,-1.00150739e+01
1.09717754e+01,-9.96528127e+00
1.09673450e+01,-9.91546363e+00
1.09631840e+01,-9.86562247e+00
1.09592924e+01,-9.81575931e+00
1.09556703e+01,-9.76587565e+00
1.09523178e+01,-9.71597300e+00
1.09492350e+01,-9.66605287e+00
1.09464219e+01,-9.61611676e+00
1.09438785e+01,-9.56616619e+00
1.09416050e+01,-9.51620266e+00
1.09396015e+01,-9.46622767e+00
1.09378679e+01,-9.41624274e+00
1.09364045e+01,-9.36624937e+00
1.09352111e+01,-9.31624907e+00
1.09342880e+01,-9.26624334e+00
1.09336352e+01,-9.21623370e+00
1.09332528e+01,-9.16622164e+00
1.09331408e+01,-9.11620869e+00
1.09332993e+01,-9.06619634e+00
1.09337284e+01,-9.01618610e+00
1.09344281e+01,-8.96617948e+00
1.09353985e+01,-8.91617799e+00
1.09366398e+01,-8.86618313e+00
1.09381519e+01,-8.81619641e+00
1.09399349e+01,-8.76621934e+00
1.09419890e+01,-8.71625342e+00
1.09443141e+01,-8.66630017e+00
1.09469104e+01,-8.61636109e+00
1.09497779e+01,-8.56643768e+00
1.09529167e+01,-8.51653146e+00
1.09563268e+01,-8.46664393e+00
1.09600085e+01,-8.41677660e+00
1.09639616e+01,-8.36693098e+00
1.09681863e+01,-8.31710857e+00
1.09726826e+01,-8.26731088e+00
1.09774507e+01,-8.21753941e+00
1.09824906e+01,-8.16779568e+00
1.09878023e+01,-8.11808120e+00
1.09933860e+01,-8.06839746e+00
1.09992417e+01,-8.01874598e+00
1.10053695e+01,-7.96912827e+00
1.10117694e+01,-7.91954582e+00
1.10184416e+01,-7.87000016e+00
1.10253861e+01,-7.82049278e+00
1.10326029e+01,-7.77102519e+00
1.10400922e+01,-7.72159890e+00
1.10478540e+01,-7.67221542e+00
1.10558884e+01,-7.62287626e+00
1.10641954e+01,-7.57358292e+00
1.10727752e+01,-7.52433690e+00
1.10816277e+01,-7.47513972e+00
1.10907532e+01,-7.42599289e+00
1.11001516e+01,-7.37689791e+00
1.11098230e+01,-7.32785628e+00
1.11197674e+01,-7.27886952e+00
1.11299851e+01,-7.22993913e+00
1.11404760e+01,-7.18106663e+00
1.11512402e+01,-7.13225351e+00
1.11622777e+01,-7.08350128e+00
1.11735887e+01,-7.03481145e+00
1.11851732e+01,-6.98618554e+00
1.11970313e+01,-6.93762502e+00
1.12091623e+01,-6.88913130e+00
1.12215656e+01,-6.84070569e+00
1.12342404e+01,-6.79234955e+00
1.12471860e+01,-6.74406421e+00
1.12604015e+01,-6.69585099e+00
1.12738862e+01,-6.64771125e+00
1.12876394e+01,-6.59964632e+00
1.13016604e+01,-6.55165752e+00
1.13159483e+01,-6.50374621e+00
1.13305024e+01,-6.45591371e+00
1.13453219e+01,-6.40816136e+00
1.13604062e+01,-6.36049050e+00
1.13757543e+01,-6.31290247e+00
1.13913657e+01,-6.26539860e+00
1.14072395e+01,-6.21798022e+00
1.14233750e+01,-6.17064868e+00
1.14397713e+01,-6.12340530e+00
1.14564279e+01,-6.07625143e+00
1.14733438e+01,-6.02918841e+00
1.14905184e+01,-5.98221756e+00
1.15079509e+01,-5.93534023e+00
1.15256405e+01,-5.88855776e+00
1.15435865e+01,-5.84187146e+00
1.15617881e+01,-5.79528270e+00
1.15802446e+01,-5.74879279e+00
1.15989552e+01,-5.70240309e+00
1.16179192e+01,-5.65611491e+00
1.16371357e+01,-5.60992961e+00
1.16566041e+01,-5.56384851e+00
1.16763236e+01,-5.51787295e+00
1.16962935e+01,-5.47200428e+00
1.17165129e+01,-5.42624382e+00
1.17369811e+01,-5.38059291e+00
1.17576974e+01,-5.33505289e+00
1.17786610e+01,-5.28962509e+00
1.17998712e+01,-5.24431086e+00
1.18213272e+01,-5.19911152e+00
1.18430282e+01,-5.15402842e+00
1.18649735e+01,-5.10906288e+00
1.18871624e+01,-5.06421626e+00
1.19095940e+01,-5.01948987e+00
1.19322676e+01,-4.97488507e+00
1.19551825e+01,-4.93040318e+00
1.19783379e+01,-4.88604554e+00
1.20017331e+01,-4.84181349e+00
1.20253673e+01,-4.79770836e+00
1.20492397e+01,-4.75373150e+00
1.20733496e+01,-4.70988423e+00
1.20976962e+01,-4.66616790e+00
1.21222788e+01,-4.62258384e+00
1.21470967e+01,-4.57913338e+00
1.21721490e+01,-4.53581787e+00
1.21974350e+01,-4.49263864e+00
1.22229539e+01,-4.44959702e+00
1.22487051e+01,-4.40669435e+00
1.22746877e+01,-4.36393198e+00
1.23009010e+01,-4.32131122e+00
1.23273442e+01,-4.27883343e+00
1.23540166e+01,-4.23649994e+00
1.23809174e+01,-4.19431208e+00
1.24080458e+01,-4.15227119e+00
1.24354012e+01,-4.11037861e+00
1.24629827e+01,-4.06863567e+00
1.24907897e+01,-4.02704371e+00
1.25188212e+01,-3.98560406e+00
1.25470767e+01,-3.94431807e+00
1.25755553e+01,-3.90318706e+00
1.26042562e+01,-3.86221238e+00
1.26331788e+01,-3.82139537e+00
1.26623222e+01,-3.78073735e+00
1.26916857e+01,-3.74023966e+00
1.27212686e+01,-3.69990364e+00
1.27510701e+01,-3.65973063e+00
1.27810894e+01,-3.61972197e+00
1.28113258e+01,-3.57987898e+00
1.28417786e+01,-3.54020301e+00
1.28724469e+01,-3.50069539e+00
1.29033300e+01,-3.46135746e+00
1.29344272e+01,-3.42219056e+00
1.29657377e+01,-3.38319601e+00
1.29972607e+01,-3.34437517e+00
1.30289955e+01,-3.30572936e+00
1.30609414e+01,-3.26725992e+00
1.30930975e+01,-3.22896818e+00
1.31254632e+01,-3.19085549e+00
1.31580376e+01,-3.15292318e+00
1.31908201e+01,-3.11517258e+00
1.32238098e+01,-3.07760504e+00
1.32570060e+01,-3.04022188e+00
1.32904080e+01,-3.00302446e+00
1.33240149e+01,-2.96601409e+00
1.33578261e+01,-2.92919212e+00
1.33918408e+01,-2.89255988e+00
1.34260582e+01,-2.85611872e+00
1.34604775e+01,-2.81986996e+00
1.34950981e+01,-2.78381494e+00
1.35299192e+01,-2.74795501e+00
1.35649399e+01,-2.71229149e+00
1.36001596e+01,-2.67682572e+00
1.36355774e+01,-2.64155904e+00
1.36711927e+01,-2.60649279e+00
1.37070047e+01,-2.57162830e+00
1.37430126e+01,-2.53696690e+00
1.37792157e+01,-2.50250992e+00
1.38156128e+01,-2.46825830e+00
1.38522026e+01,-2.43421271e+00
1.38889837e+01,-2.40037381e+00
1.39259547e+01,-2.36674225e+00
1.39631143e+01,-2.33331869e+00
1.40004611e+01,-2.30010378e+00
1.40379938e+01,-2.26709819e+00
1.40757109e+01,-2.23430257e+00
1.41136111e+01,-2.20171758e+00
1.41516930e+01,-2.16934388e+00
1.41899553e+01,-2.13718211e+00
1.42283966e+01,-2.10523295e+00
1.42670155e+01,-2.07349704e+00
1.43058106e+01,-2.04197504e+00
1.43447807e+01,-2.01066761e+00
1.43839242e+01,-1.97957541e+00
1.44232399e+01,-1.94869910e+00
1.44627263e+01,-1.91803932e+00
1.45023822e+01,-1.88759675e+00
1.45422061e+01,-1.85737203e+00
1.45821966e+01,-1.82736582e+00
1.46223525e+01,-1.79757878e+00
1.46626723e+01,-1.76801156e+00
1.47031546e+01,-1.73866483e+00
1.47437981e+01,-1.70953924e+00
1.47846014e+01,-1.68063545e+00
1.48255632e+01,-1.65195411e+00
1.48666821e+01,-1.62349589e+00
1.49079566e+01,-1.59526143e+00
1.49493855e+01,-1.56725139e+00
1.49909674e+01,-1.53946644e+00
1.50327009e+01,-1.51190723e+00
1.50745846e+01,-1.48457442e+00
1.51166172e+01,-1.45746866e+00
1.51587973e+01,-1.43059061e+00
1.52011234e+01,-1.40394092e+00
1.52435944e+01,-1.37752026e+00
1.52862087e+01,-1.35132929e+00
1.53289651e+01,-1.32536865e+00
1.53718621e+01,-1.29963901e+00
1.54148983e+01,-1.27414101e+00
1.54580725e+01,-1.24887533e+00
1.55013832e+01,-1.22384262e+00
1.55448291e+01,-1.19904353e+00
1.55884088e+01,-1.17447872e+00
1.56321209e+01,-1.15014885e+00
1.56759641e+01,-1.12605457e+00
1.57199369e+01,-1.10219655e+00
1.57640381e+01,-1.07857543e+00
1.58082662e+01,-1.05519188e+00
1.58526200e+01,-1.03204655e+00
1.58970979e+01,-1.00914011e+00
1.59416987e+01,-9.86473192e-01
1.59864209e+01,-9.64046475e-01
1.60312633e+01,-9.41860610e-01
1.60762244e+01,-9.19916252e-01
1.61213029e+01,-8.98214060e-01
1.61664973e+01,-8.76754689e-01
1.62118064e+01,-8.55538798e-01
1.62572288e+01,-8.34567042e-01
1.63027630e+01,-8.13840080e-01
1.63484078e+01,-7.93358568e-01
1.63941617e+01,-7.73123163e-01
1.64400234e+01,-7.53134522e-01
1.64859915e+01,-7.33393303e-01
1.65320646e+01,-7.13900161e-01
1.65782414e+01,-6.94655755e-01
1.66245206e+01,-6.75660741e-01
1.66709006e+01,-6.56915777e-01
1.67173802e+01,-6.38421519e-01
1.67639581e+01,-6.20178624e-01
1.68106327e+01,-6.02187750e-01
1.68574028e+01,-5.84449553e-01
1.69042670e+01,-5.66964690e-01
1.69512239e+01,-5.49733819e-01
1.69982722e+01,-5.32757596e-01
1.70454104e+01,-5.16036679e-01
1.70926373e+01,-4.99571724e-01
1.71399514e+01,-4.83363389e-01
1.71873514e+01,-4.67412330e-01
1.72348358e+01,-4.51719205e-01
1.72824034e+01,-4.36284671e-01
1.73300528e+01,-4.21109384e-01
1.73777825e+01,-4.06194002e-01
1.74255913e+01,-3.91539182e-01
1.74734778e+01,-3.77145580e-01
1.75214405e+01,-3.63013854e-01
1.75694781e+01,-3.49144661e-01
1.76175893e+01,-3.35538657e-01
1.76657727e+01,-3.22196500e-01
1.77140269e+01,-3.09118847e-01
1.77623505e+01,-2.96306355e-01
1.78107422e+01,-2.83759681e-01
1.78592006e+01,-2.71479482e-01
1.79077243e+01,-2.59466414e-01
1.79563120e+01,-2.47721136e-01
1.80049623e+01,-2.36244303e-01
1.80536738e+01,-2.25036574e-01
1.81024451e+01,-2.14098604e-01
1.81512750e+01,-2.03431051e-01
1.82001619e+01,-1.93034573e-01
1.82491046e+01,-1.82909825e-01
1.82981017e+01,-1.73057466e-01
1.83471518e+01,-1.63478152e-01
1.83962535e+01,-1.54172540e-01
1.84454055e+01,-1.45141287e-01
1.84946064e+01,-1.36385050e-01
1.85438548e+01,-1.27904486e-01
1.85931494e+01,-1.19700253e-01
1.86424888e+01,-1.11773007e-01
1.86918716e+01,-1.04123405e-01
1.87412965e+01,-9.67521054e-02
1.87907620e+01,-8.96597634e-02
1.88402668e+01,-8.28470361e-02
1.88898096e+01,-7.63145817e-02
1.89393890e+01,-7.00629758e-02
1.89890034e+01,-6.40922061e-02
1.90386515e+01,-5.84019998e-02
1.90883315e+01,-5.29920833e-02
1.91380422e+01,-4.78621825e-02
1.91877819e+01,-4.30120237e-02
1.92375491e+01,-3.84413330e-02
1.92873423e+01,-3.41498365e-02
1.93371600e+01,-3.01372605e-02
1.93870007e+01,-2.64033310e-02
1.94368629e+01,-2.29477743e-02
1.94867451e+01,-1.97703165e-02
1.95366457e+01,-1.68706837e-02
1.95865633e+01,-1.42486020e-02
1.96364963e+01,-1.19037978e-02
1.96864432e+01,-9.83599700e-03
1.97364025e+01,-8.04492590e-03
1.97863726e+01,-6.53031050e-03
1.98363522e+01,-5.29187720e-03
1.98863396e+01,-4.32935190e-03
1.99363334e+01,-3.64246090e-03
1.99863321e+01,-3.23093040e-03
2.00363340e+01,-3.09448640e-03
2.00863378e+01,-3.23285510e-03
2.01363418e+01,-3.64576270e-03
2.01863447e+01,-4.33293540e-03
2.02363448e+01,-5.29409930e-03
2.02863407e+01,-6.52898050e-03
2.03363309e+01,-8.03730520e-03
2.03863138e+01,-9.81879950e-03
2.04362879e+01,-1.18731897e-02
2.04862517e+01,-1.42002018e-02
2.05362038e+01,-1.67995620e-02
2.05861425e+01,-1.96709966e-02
2.06360664e+01,-2.28142315e-02
2.06859740e+01,-2.62289930e-02
2.07358637e+01,-2.99150072e-02
2.07857340e+01,-3.38720004e-02
2.08355835e+01,-3.80996985e-02
2.08854106e+01,-4.25978279e-02
2.09352138e+01,-4.73661146e-02
2.09849916e+01,-5.24042848e-02
2.10347425e+01,-5.77120647e-02
2.10844649e+01,-6.32891804e-02
2.11341574e+01,-6.91353580e-02
2.11838184e+01,-7.52503238e-02
2.12334465e+01,-8.16338038e-02
2.12830400e+01,-8.82855243e-02
2.13325976e+01,-9.52052114e-02
2.13821176e+01,-1.02392591e-01
2.14315987e+01,-1.09847389e-01
2.14810392e+01,-1.17569333e-01
2.15304376e+01,-1.25558148e-01
2.15797925e+01,-1.33813560e-01
2.16291023e+01,-1.42335296e-01
2.16783655e+01,-1.51123081e-01
2.17275806e+01,-1.60176643e-01
2.17767461e+01,-1.69495706e-01
2.18258605e+01,-1.79079997e-01
2.18749223e+01,-1.88929243e-01
2.19239299e+01,-1.99043169e-01
2.19728818e+01,-2.09421501e-01
2.20217766e+01,-2.20063967e-01
2.20706127e+01,-2.30970291e-01
2.21193886e+01,-2.42140200e-01
2.21681027e+01,-2.53573421e-01
2.22167537e+01,-2.65269679e-01
2.22653399e+01,-2.77228700e-01
2.23138598e+01,-2.89450211e-01
2.23623120e+01,-3.01933938e-01
2.24106949e+01,-3.14679606e-01
2.24590071e+01,-3.27686943e-01
2.25072469e+01,-3.40955675e-01
2.25554129e+01,-3.54485526e-01
2.26035036e+01,-3.68276224e-01
2.26515175e+01,-3.82327495e-01
2.26994530e+01,-3.96639065e-01
2.27473087e+01,-4.11210660e-01
2.27950829e+01,-4.26042006e-01
2.28427743e+01,-4.41132830e-01
2.28903813e+01,-4.56482857e-01
2.29379024e+01,-4.72091813e-01
2.29853360e+01,-4.87959426e-01
2.30326808e+01,-5.04085420e-01
2.30799350e+01,-5.20469523e-01
2.31270973e+01,-5.37111459e-01
2.31741661e+01,-5.54010957e-01
2.32211400e+01,-5.71167740e-01
2.32680173e+01,-5.88581537e-01
2.33147967e+01,-6.06252072e-01
2.33614765e+01,-6.24179073e-01
2.34080552e+01,-6.42362265e-01
2.34545314e+01,-6.60801374e-01
2.35009036e+01,-6.79496126e-01
2.35471702e+01,-6.98446249e-01
2.35933296e+01,-7.17651467e-01
2.36393805e+01,-7.37111507e-01
2.36853213e+01,-7.56826095e-01
2.37311505e+01,-7.76794957e-01
2.37768665e+01,-7.97017820e-01
2.38224678e+01,-8.17494410e-01
2.38679530e+01,-8.38224452e-01
2.39133205e+01,-8.59207673e-01
2.39585689e+01,-8.80443799e-01
2.40036965e+01,-9.01932532e-01
2.40487022e+01,-9.23673199e-01
2.40935847e+01,-9.45664843e-01
2.41383430e+01,-9.67906497e-01
2.41829760e+01,-9.90397196e-01
2.42274824e+01,-1.01313598e+00
2.42718611e+01,-1.03612187e+00
2.43161111e+01,-1.05935391e+00
2.43602311e+01,-1.08283114e+00
2.44042202e+01,-1.10655258e+00
2.44480770e+01,-1.13051727e+00
2.44918005e+01,-1.15472425e+00
2.45353896e+01,-1.17917255e+00
2.45788431e+01,-1.20386120e+00
2.46221599e+01,-1.22878925e+00
2.46653388e+01,-1.25395571e+00
2.47083788e+01,-1.27935964e+00
2.47512787e+01,-1.30500005e+00
2.47940373e+01,-1.33087600e+00
2.48366536e+01,-1.35698650e+00
2.48791264e+01,-1.38333060e+00
2.49214545e+01,-1.40990733e+00
2.49636368e+01,-1.43671572e+00
2.50056723e+01,-1.46375482e+00
2.50475597e+01,-1.49102364e+00
2.50892979e+01,-1.51852124e+00
2.51308859e+01,-1.54624663e+00
2.51723224e+01,-1.57419886e+00
2.52136064e+01,-1.60237696e+00
2.52547366e+01,-1.63077997e+00
2.52957121e+01,-1.65940691e+00
2.53365315e+01,-1.68825683e+00
2.53771939e+01,-1.71732876e+00
2.54176980e+01,-1.74662173e+00
2.54580428e+01,-1.77613478e+00
2.54982271e+01,-1.80586694e+00
2.55382498e+01,-1.83581724e+00
2.55781097e+01,-1.86598472e+00
2.56178057e+01,-1.89636842e+00
2.56573367e+01,-1.92696737e+00
2.56967015e+01,-1.95778060e+00
2.57358991e+01,-1.98880715e+00
2.57749282e+01,-2.02004605e+00
2.58137877e+01,-2.05149634e+00
2.58524766e+01,-2.08315705e+00
2.58909937e+01,-2.11502721e+00
2.59293378e+01,-2.14710586e+00
2.59675078e+01,-2.17939204e+00
2.60055027e+01,-2.21188477e+00
2.60433211e+01,-2.24458310e+00
2.60809621e+01,-2.27748606e+00
2.61184245e+01,-2.31059267e+00
2.61557071e+01,-2.34390198e+00
2.61928088e+01,-2.37741303e+00
2.62297286e+01,-2.41112484e+00
2.62664652e+01,-2.44503644e+00
2.63030175e+01,-2.47914688e+00
2.63393844e+01,-2.51345519e+00
2.63755647e+01,-2.54796040e+00
2.64115574e+01,-2.58266155e+00
2.64473613e+01,-2.61755767e+00
2.64829752e+01,-2.65264779e+00
2.65183981e+01,-2.68793095e+00
2.65536287e+01,-2.72340619e+00
2.65886661e+01,-2.75907254e+00
2.66235089e+01,-2.79492903e+00
2.66581562e+01,-2.83097470e+00
2.66926067e+01,-2.86720857e+00
2.67268593e+01,-2.90362970e+00
2.67609130e+01,-2.94023711e+00
2.67947665e+01,-2.97702983e+00
2.68284187e+01,-3.01400690e+00
2.68618686e+01,-3.05116735e+00
2.68951149e+01,-3.08851022e+00
2.69281565e+01,-3.12603455e+00
2.69609924e+01,-3.16373936e+00
2.69936213e+01,-3.20162369e+00
2.70260422e+01,-3.23968658e+00
2.70582538e+01,-3.27792706e+00
2.70902552e+01,-3.31634416e+00
2.71220451e+01,-3.35493692e+00
2.71536224e+01,-3.39370438e+00
2.71849859e+01,-3.43264556e+00
2.72161346e+01,-3.47175951e+00
2.72470674e+01,-3.51104525e+00
2.72777830e+01,-3.55050182e+00
2.73082803e+01,-3.59012826e+00
2.73385583e+01,-3.62992360e+00
2.73686157e+01,-3.66988687e+00
2.73984515e+01,-3.71001711e+00
2.74280645e+01,-3.75031335e+00
2.74574536e+01,-3.79077463e+00
2.74866176e+01,-3.83139999e+00
2.75155555e+01,-3.87218844e+00
2.75442660e+01,-3.91313904e+00
2.75727481e+01,-3.95425081e+00
2.76010006e+01,-3.99552280e+00
2.76290224e+01,-4.03695402e+00
2.76568123e+01,-4.07854353e+00
2.76843693e+01,-4.12029034e+00
2.77116922e+01,-4.16219350e+00
2.77387798e+01,-4.20425205e+00
2.77656310e+01,-4.24646501e+00
2.77922448e+01,-4.28883142e+00
2.78186199e+01,-4.33135030e+00
2.78447555e+01,-4.37402045e+00
2.78706512e+01,-4.41684031e+00
2.78963067e+01,-4.45980832e+00
2.79217214e+01,-4.50292291e+00
2.79468951e+01,-4.54618253e+00
2.79718272e+01,-4.58958559e+00
2.79965174e+01,-4.63313054e+00
2.80209652e+01,-4.67681580e+00
2.80451703e+01,-4.72063982e+00
2.80691323e+01,-4.76460103e+00
2.80928507e+01,-4.80869786e+00
2.81163252e+01,-4.85292875e+00
2.81395553e+01,-4.89729213e+00
2.81625406e+01,-4.94178643e+00
2.81852808e+01,-4.98641009e+00
2.82077753e+01,-5.03116154e+00
2.82300239e+01,-5.07603922e+00
2.82520261e+01,-5.12104156e+00
2.82737815e+01,-5.16616700e+00
2.82952896e+01,-5.21141396e+00
2.83165502e+01,-5.25678089e+00
2.83375627e+01,-5.30226621e+00
2.83583268e+01,-5.34786837e+00
2.83788421e+01,-5.39358579e+00
2.83991081e+01,-5.43941691e+00
2.84191245e+01,-5.48536016e+00
2.84388908e+01,-5.53141398e+00
2.84584067e+01,-5.57757681e+00
2.84776716e+01,-5.62384706e+00
2.84966854e+01,-5.67022319e+00
2.85154474e+01,-5.71670363e+00
2.85339573e+01,-5.76328680e+00
2.85522148e+01,-5.80997114e+00
2.85702193e+01,-5.85675509e+00
2.85879706e+01,-5.90363708e+00
2.86054681e+01,-5.95061555e+00
2.86227115e+01,-5.99768892e+00
2.86397004e+01,-6.04485564e+00
2.86564344e+01,-6.09211413e+00
2.86729130e+01,-6.13946284e+00
2.86891358e+01,-6.18690019e+00
2.87051025e+01,-6.23442462e+00
2.87208127e+01,-6.28203456e+00
2.87362659e+01,-6.32972845e+00
2.87514617e+01,-6.37750472e+00
2.87663997e+01,-6.42536181e+00
2.87810796e+01,-6.47329815e+00
2.87955009e+01,-6.52131217e+00
2.88096631e+01,-6.56940231e+00
2.88235660e+01,-6.61756700e+00
2.88372090e+01,-6.66580468e+00
2.88505919e+01,-6.71411378e+00
2.88637141e+01,-6.76249273e+00
2.88765752e+01,-6.81093997e+00
2.88891750e+01,-6.85945393e+00
2.89015129e+01,-6.90803305e+00
2.89135885e+01,-6.95667577e+00
2.89254015e+01,-7.00538050e+00
2.89369514e+01,-7.05414570e+00
2.89482379e+01,-7.10296979e+00
2.89592605e+01,-7.15185120e+00
2.89700188e+01,-7.20078838e+00
2.89805124e+01,-7.24977976e+00
2.89907409e+01,-7.29882376e+00
2.90007039e+01,-7.34791883e+00
2.90104010e+01,-7.39706339e+00
2.90198318e+01,-7.44625589e+00
2.90289959e+01,-7.49549475e+00
2.90378928e+01,-7.54477841e+00
2.90465222e+01,-7.59410531e+00
2.90548837e+01,-7.64347388e+00
2.90629768e+01,-7.69288254e+00
2.90708011e+01,-7.74232975e+00
2.90783563e+01,-7.79181392e+00
2.90856420e+01,-7.84133350e+00
2.90926576e+01,-7.89088692e+00
2.90994029e+01,-7.94047262e+00
2.91058774e+01,-7.99008901e+00
2.91120807e+01,-8.03973456e+00
2.91180124e+01,-8.08940767e+00
2.91236721e+01,-8.13910680e+00
2.91290594e+01,-8.18883037e+00
2.91341738e+01,-8.23857681e+00
2.91390151e+01,-8.28834457e+00
2.91435827e+01,-8.33813208e+00
2.91478762e+01,-8.38793776e+00
2.91518953e+01,-8.43776006e+00
2.91556396e+01,-8.48759741e+00
2.91591086e+01,-8.53744823e+00
2.91623020e+01,-8.58731098e+00
2.91652192e+01,-8.63718408e+00
2.91678600e+01,-8.68706596e+00
2.91702240e+01,-8.73695506e+00
2.91723106e+01,-8.78684981e+00
2.91741195e+01,-8.83674865e+00
2.91756503e+01,-8.88665001e+00
2.91769026e+01,-8.93655232e+00
2.91778760e+01,-8.98645403e+00
2.91785701e+01,-9.03635356e+00
2.91789845e+01,-9.08624934e+00
2.91791187e+01,-9.13613982e+00
2.91789723e+01,-9.18602342e+00
2.91785450e+01,-9.23589859e+00
2.91778364e+01,-9.28576374e+00
2.91768463e+01,-9.33561741e+00
2.91755750e+01,-9.38545828e+00
2.91740230e+01,-9.43528509e+00
2.91721909e+01,-9.48509655e+00
2.91700790e+01,-9.53489139e+00
2.91676879e+01,-9.58466833e+00
2.91650179e+01,-9.63442610e+00
2.91620696e+01,-9.68416343e+00
2.91588434e+01,-9.73387902e+00
2.91553399e+01,-9.78357162e+00
2.91515594e+01,-9.83323993e+00
2.91475024e+01,-9.88288270e+00
2.91431694e+01,-9.93249863e+00
2.91385609e+01,-9.98208646e+00
2.91336773e+01,-1.00316449e+01
2.91285190e+01,-1.00811726e+01
2.91230867e+01,-1.01306685e+01
2.91173806e+01,-1.01801312e+01
2.91114013e+01,-1.02295593e+01
2.91051493e+01,-1.02789517e+01
2.90986250e+01,-1.03283071e+01
2.90918289e+01,-1.03776241e+01
2.90847614e+01,-1.04269016e+01
2.90774230e+01,-1.04761382e+01
2.90698142e+01,-1.05253326e+01
2.90619354e+01,-1.05744836e+01
2.90537872e+01,-1.06235900e+01
2.90453699e+01,-1.06726503e+01
2.90366841e+01,-1.07216634e+01
2.90277301e+01,-1.07706280e+01
2.90185085e+01,-1.08195428e+01
2.90090198e+01,-1.08684065e+01
2.89992644e+01,-1.09172179e+01
2.89892427e+01,-1.09659756e+01
2.89789552e+01,-1.10146785e+01
2.89684025e+01,-1.10633251e+01
2.89575849e+01,-1.11119143e+01
2.89465029e+01,-1.11604448e+01
2.89351571e+01,-1.12089153e+01
2.89235477e+01,-1.12573244e+01
2.89116754e+01,-1.13056711e+01
2.88995406e+01,-1.13539538e+01
2.88871438e+01,-1.14021715e+01
2.88744854e+01,-1.14503228e+01
2.88615658e+01,-1.14984064e+01
2.88483856e+01,-1.15464211e+01
2.88349452e+01,-1.15943655e+01
2.88212451e+01,-1.16422385e+01
2.88072857e+01,-1.16900387e+01
2.87930676e+01,-1.17377649e+01
2.87785911e+01,-1.17854157e+01
2.87638568e+01,-1.18329899e+01
2.87488651e+01,-1.18804863e+01
2.87336164e+01,-1.19279035e+01
2.87181113e+01,-1.19752403e+01
2.87023502e+01,-1.20224954e+01
2.86863336e+01,-1.20696675e+01
2.86700619e+01,-1.21167553e+01
2.86535356e+01,-1.21637576e+01
2.86367552e+01,-1.22106732e+01
2.86197210e+01,-1.22575006e+01
2.86024337e+01,-1.23042387e+01
2.85848937e+01,-1.23508861e+01
2.85671014e+01,-1.23974417e+01
2.85490573e+01,-1.24439040e+01
2.85307618e+01,-1.24902719e+01
2.85122154e+01,-1.25365440e+01
2.84934187e+01,-1.25827192e+01
2.84743720e+01,-1.26287960e+01
2.84550758e+01,-1.26747733e+01
2.84355306e+01,-1.27206497e+01
2.84157369e+01,-1.27664240e+01
2.83956951e+01,-1.28120949e+01
2.83754056e+01,-1.28576612e+01
2.83548690e+01,-1.29031215e+01
2.83340857e+01,-1.29484746e+01
2.83130562e+01,-1.29937191e+01
2.82917809e+01,-1.30388540e+01
2.82702604e+01,-1.30838777e+01
2.82484950e+01,-1.31287891e+01
2.82264853e+01,-1.31735869e+01
2.82042316e+01,-1.32182699e+01
2.81817346e+01,-1.32628367e+01
2.81589945e+01,-1.33072860e+01
2.81360120e+01,-1.33516167e+01
2.81127875e+01,-1.33958273e+01
2.80893213e+01,-1.34399167e+01
2.80656141e+01,-1.34838836e+01
2.80416662e+01,-1.35277266e+01
2.80174782e+01,-1.35714446e+01
2.79930504e+01,-1.36150362e+01
2.79683835e+01,-1.36585001e+01
2.79434777e+01,-1.37018352e+01
2.79183336e+01,-1.37450400e+01
2.78929517e+01,-1.37881134e+01
2.78673324e+01,-1.38310540e+01
2.78414762e+01,-1.38738607e+01
2.78153836e+01,-1.39165320e+01
2.77890549e+01,-1.39590667e+01
2.77624908e+01,-1.40014636e+01
2.77356916e+01,-1.40437214e+01
2.77086578e+01,-1.40858387e+01
2.76813898e+01,-1.41278144e+01
2.76538883e+01,-1.41696471e+01
2.76261535e+01,-1.42113356e+01
2.75981860e+01,-1.42528786e+01
2.75699863e+01,-1.42942749e+01
2.75415548e+01,-1.43355230e+01
2.75128919e+01,-1.43766218e+01
2.74839982e+01,-1.44175700e+01
2.74548740e+01,-1.44583664e+01
2.74255200e+01,-1.44990095e+01
2.73959365e+01,-1.45394983e+01
2.73661239e+01,-1.45798313e+01
2.73360829e+01,-1.46200073e+01
2.73058138e+01,-1.46600250e+01
2.72753174e+01,-1.46998833e+01
2.72445951e+01,-1.47395808e+01
2.72136481e+01,-1.47791164e+01
2.71824778e+01,-1.48184889e+01
2.71510855e+01,-1.48576971e+01
2.71194724e+01,-1.48967397e+01
2.70876399e+01,-1.49356156e+01
2.70555892e+01,-1.49743236e+01
2.70233218e+01,-1.50128625e+01
2.69908388e+01,-1.50512310e+01
2.69581416e+01,-1.50894280e+01
2.69252315e+01,-1.51274522e+01
2.68921098e+01,-1.51653025e+01
2.68587778e+01,-1.52029777e+01
2.68252368e+01,-1.52404765e+01
2.67914881e+01,-1.52777978e+01
2.67575330e+01,-1.53149403e+01
2.67233728e+01,-1.53519028e+01
2.66890089e+01,-1.53886843e+01
2.66544425e+01,-1.54252833e+01
2.66196750e+01,-1.54616988e+01
2.65847075e+01,-1.54979295e+01
2.65495416e+01,-1.55339743e+01
2.65141783e+01,-1.55698319e+01
2.64786192e+01,-1.56055011e+01
2.64428654e+01,-1.56409808e+01
2.64069182e+01,-1.56762697e+01
2.63707790e+01,-1.57113666e+01
2.63344491e+01,-1.57462703e+01
2.62979298e+01,-1.57809797e+01
2.62612224e+01,-1.58154935e+01
2.62243281e+01,-1.58498105e+01
2.61872484e+01,-1.58839295e+01
2.61499844e+01,-1.59178493e+01
2.61125376e+01,-1.59515687e+01
2.60749091e+01,-1.59850865e+01
2.60371004e+01,-1.60184015e+01
2.59991127e+01,-1.60515126e+01
2.59609473e+01,-1.60844184e+01
2.59226055e+01,-1.61171178e+01
2.58840887e+01,-1.61496096e+01
2.58453981e+01,-1.61818926e+01
2.58065350e+01,-1.62139656e+01
2.57675008e+01,-1.62458274e+01
2.57282968e+01,-1.62774768e+01
2.56889242e+01,-1.63089125e+01
2.56493843e+01,-1.63401334e+01
2.56096785e+01,-1.63711384e+01
2.55698082e+01,-1.64019260e+01
2.55297744e+01,-1.64324953e+01
2.54895787e+01,-1.64628449e+01
2.54492222e+01,-1.64929737e+01
2.54087063e+01,-1.65228805e+01
2.53680324e+01,-1.65525640e+01
2.53272016e+01,-1.65820231e+01
2.52862153e+01,-1.66112565e+01
2.52450749e+01,-1.66402631e+01
2.52037815e+01,-1.66690417e+01
2.51623366e+01,-1.66975910e+01
2.51207414e+01,-1.67259098e+01
2.50789972e+01,-1.67539970e+01
2.50371054e+01,-1.67818514e+01
2.49950672e+01,-1.68094717e+01
2.49528840e+01,-1.68368567e+01
2.49105569e+01,-1.68640053e+01
2.48680875e+01,-1.68909162e+01
2.48254769e+01,-1.69175882e+01
2.47827265e+01,-1.69440202e+01
2.47398375e+01,-1.69702109e+01
2.46968113e+01,-1.69961591e+01
2.46536492e+01,-1.70218637e+01
2.46103525e+01,-1.70473233e+01
2.45669224e+01,-1.70725369e+01
2.45233604e+01,-1.70975032e+01
2.44796676e+01,-1.71222210e+01
2.44358454e+01,-1.71466892e+01
2.43918952e+01,-1.71709064e+01
2.43478182e+01,-1.71948716e+01
2.43036156e+01,-1.72185834e+01
2.42592889e+01,-1.72420408e+01
2.42148394e+01,-1.72652424e+01
2.41702682e+01,-1.72881872e+01
2.41255768e+01,-1.73108738e+01
2.40807664e+01,-1.73333012e+01
2.40358384e+01,-1.73554680e+01
2.39907940e+01,-1.73773731e+01
2.39456346e+01,-1.73990154e+01
2.39003615e+01,-1.74203935e+01
2.38549759e+01,-1.74415062e+01
2.38094791e+01,-1.74623525e+01
2.37638726e+01,-1.74829310e+01
2.37181575e+01,-1.75032406e+01
2.36723352e+01,-1.75232801e+01
2.36264070e+01,-1.75430483e+01
2.35803742e+01,-1.75625439e+01
2.35342381e+01,-1.75817658e+01
2.34880000e+01,-1.76007127e+01
2.34416612e+01,-1.76193835e+01
2.33952230e+01,-1.76377770e+01
2.33486868e+01,-1.76558919e+01
2.33020537e+01,-1.76737271e+01
2.32553252e+01,-1.76912813e+01
2.32085025e+01,-1.77085534e+01
2.31615870e+01,-1.77255422e+01
2.31145799e+01,-1.77422468e+01
2.30674828e+01,-1.77586675e+01
2.30202969e+01,-1.77748045e+01
2.29730238e+01,-1.77906583e+01
2.29256649e+01,-1.78062291e+01
2.28782216e+01,-1.78215173e+01
2.28306953e+01,-1.78365231e+01
2.27830874e+01,-1.78512468e+01
2.27353995e+01,-1.78656889e+01
2.26876329e+01,-1.78798496e+01
2.26397890e+01,-1.78937292e+01
2.25918693e+01,-1.79073280e+01
2.25438751e+01,-1.79206464e+01
2.24958080e+01,-1.79336847e+01
2.24476694e+01,-1.79464431e+01
2.23994606e+01,-1.79589221e+01
2.23511832e+01,-1.79711219e+01
2.23028385e+01,-1.79830428e+01
2.22544279e+01,-1.79946852e+01
2.22059529e+01,-1.80060494e+01
2.21574150e+01,-1.80171356e+01
2.21088154e+01,-1.80279443e+01
2.20601558e+01,-1.80384756e+01
2.20114375e+01,-1.80487301e+01
2.19626619e+01,-1.80587079e+01
2.19138304e+01,-1.80684093e+01
2.18649445e+01,-1.80778348e+01
2.18160056e+01,-1.80869845e+01
2.17670152e+01,-1.80958589e+01
2.17179746e+01,-1.81044582e+01
2.16688854e+01,-1.81127828e+01
2.16197488e+01,-1.81208330e+01
2.15705664e+01,-1.81286090e+01
2.15213395e+01,-1.81361113e+01
2.14720697e+01,-1.81433401e+01
2.14227583e+01,-1.81502957e+01
2.13734067e+01,-1.81569785e+01
2.13240165e+01,-1.81633888e+01
2.12745889e+01,-1.81695268e+01
2.12251255e+01,-1.81753930e+01
2.11756276e+01,-1.81809876e+01
2.11260968e+01,-1.81863109e+01
2.10765343e+01,-1.81913633e+01
2.10269417e+01,-1.81961451e+01
2.09773204e+01,-1.82006566e+01
2.09276718e+01,-1.82048980e+01
2.08779973e+01,-1.82088698e+01
2.08282984e+01,-1.82125723e+01
2.07785765e+01,-1.82160057e+01
2.07288330e+01,-1.82191704e+01
2.06790693e+01,-1.82220667e+01
2.06292869e+01,-1.82246948e+01
2.05794871e+01,-1.82270553e+01
2.05296716e+01,-1.82291482e+01
2.04798415e+01,-1.82309740e+01
2.04299984e+01,-1.82325330e+01
2.03801438e+01,-1.82338255e+01
2.03302790e+01,-1.82348518e+01
2.02804054e+01,-1.82356123e+01
2.02305245e+01,-1.82361071e+01
2.01806378e+01,-1.82363368e+01
2.01307465e+01,-1.82363015e+01
2.00808523e+01,-1.82360016e+01
2.00309564e+01,-1.82354374e+01
1.99810604e+01,-1.82346093e+01
1.99311656e+01,-1.82335175e+01
1.98812736e+01,-1.82321623e+01
1.98313856e+01,-1.82305442e+01
1.97815031e+01,-1.82286633e+01
1.97316276e+01,-1.82265200e+01
1.96817606e+01,-1.82241147e+01
1.96319033e+01,-1.82214476e+01
1.95820573e+01,-1.82185191e+01
1.95322239e+01,-1.82153295e+01
1.94824046e+01,-1.82118790e+01
1.94326009e+01,-1.82081681e+01
1.93828141e+01,-1.82041970e+01
1.93330458e+01,-1.81999660e+01
1.92832972e+01,-1.81954755e+01
1.92335698e+01,-1.81907258e+01
1.91838652e+01,-1.81857172e+01
1.91341846e+01,-1.81804500e+01
1.90845295e+01,-1.81749245e+01
1.90349014e+01,-1.81691411e+01
1.89853016e+01,-1.81631000e+01
1.89357317e+01,-1.81568016e+01
1.88861930e+01,-1.81502462e+01
1.88366869e+01,-1.81434342e+01
1.87872150e+01,-1.81363657e+01
1.87377785e+01,-1.81290412e+01
1.86883790e+01,-1.81214610e+01
1.86390179e+01,-1.81136253e+01
1.85896965e+01,-1.81055346e+01
1.85404164e+01,-1.80971891e+01
1.84911789e+01,-1.80885890e+01
1.84419855e+01,-1.80797349e+01
1.83928376e+01,-1.80706269e+01
1.83437367e+01,-1.80612654e+01
1.82946841e+01,-1.80516507e+01
1.82456812e+01,-1.80417830e+01
1.81967296e+01,-1.80316629e+01
1.81478307e+01,-1.80212905e+01
1.80989858e+01,-1.80106661e+01
1.80501964e+01,-1.79997901e+01
1.80014639e+01,-1.79886628e+01
1.79527898e+01,-1.79772846e+01
1.79041755e+01,-1.79656557e+01
1.78556224e+01,-1.79537764e+01
1.78071319e+01,-1.79416471e+01
1.77587054e+01,-1.79292680e+01
1.77103445e+01,-1.79166396e+01
1.76620505e+01,-1.79037621e+01
1.76138248e+01,-1.78906358e+01
1.75656689e+01,-1.78772610e+01
1.75175842e+01,-1.78636382e+01
1.74695721e+01,-1.78497675e+01
1.74216341e+01,-1.78356493e+01
1.73737715e+01,-1.78212839e+01
1.73259859e+01,-1.78066717e+01
1.72782786e+01,-1.77918129e+01
1.72306510e+01,-1.77767079e+01
1.71831047e+01,-1.77613569e+01
1.71356410e+01,-1.77457604e+01
1.70882613e+01,-1.77299186e+01
1.70409671e+01,-1.77138318e+01
1.69937598e+01,-1.76975004e+01
1.69466408e+01,-1.76809246e+01
1.68996116e+01,-1.76641048e+01
1.68526736e+01,-1.76470413e+01
1.68058282e+01,-1.76297344e+01
1.67590768e+01,-1.76121845e+01
1.67124209e+01,-1.75943918e+01
1.66658618e+01,-1.75763567e+01
1.66194011e+01,-1.75580795e+01
1.65730402e+01,-1.75395604e+01
1.65267804e+01,-1.75207999e+01
1.64806233e+01,-1.75017983e+01
1.64345701e+01,-1.74825557e+01
1.63886224e+01,-1.74630727e+01
1.63427817e+01,-1.74433494e+01
1.62970492e+01,-1.74233862e+01
1.62514264e+01,-1.74031835e+01
1.62059149e+01,-1.73827415e+01
1.61605159e+01,-1.73620605e+01
1.61152310e+01,-1.73411409e+01
1.60700615e+01,-1.73199830e+01
1.60250088e+01,-1.72985871e+01
1.59800745e+01,-1.72769535e+01
1.59352600e+01,-1.72550825e+01
1.58905665e+01,-1.72329745e+01
1.58459957e+01,-1.72106298e+01
1.58015489e+01,-1.71880487e+01
1.57572275e+01,-1.71652314e+01
1.57130330e+01,-1.71421784e+01
1.56689668e+01,-1.71188899e+01
1.56250304e+01,-1.70953663e+01
1.55812251e+01,-1.70716078e+01
1.55375523e+01,-1.70476148e+01
1.54940136e+01,-1.70233876e+01
1.54506103e+01,-1.69989266e+01
1.54073439e+01,-1.69742320e+01
1.53642157e+01,-1.69493041e+01
1.53212273e+01,-1.69241433e+01
1.52783800e+01,-1.68987499e+01
1.52356753e+01,-1.68731242e+01
1.51931146e+01,-1.68472665e+01
1.51506994e+01,-1.68211772e+01
1.51084310e+01,-1.67948565e+01
1.50663108e+01,-1.67683048e+01
1.50243404e+01,-1.67415223e+01
1.49825211e+01,-1.67145095e+01
1.49408544e+01,-1.66872666e+01
1.48993417e+01,-1.66597939e+01
1.48579844e+01,-1.66320918e+01
1.48167839e+01,-1.66041606e+01
1.47757417e+01,-1.65760005e+01
1.47348593e+01,-1.65476120e+01
1.46941379e+01,-1.65189952e+01
1.46535791e+01,-1.64901506e+01
1.46131843e+01,-1.64610785e+01
1.45729549e+01,-1.64317791e+01
1.45328924e+01,-1.64022529e+01
1.44929981e+01,-1.63725000e+01
1.44532735e+01,-1.63425209e+01
1.44137201e+01,-1.63123157e+01
1.43743391e+01,-1.62818850e+01
1.43351322e+01,-1.62512289e+01
1.42961007e+01,-1.62203478e+01
1.42572460e+01,-1.61892420e+01
1.42185696e+01,-1.61579119e+01
1.41800728e+01,-1.61263577e+01
1.41417572e+01,-1.60945797e+01
1.41036241e+01,-1.60625783e+01
1.40656750e+01,-1.60303538e+01
1.40279112e+01,-1.59979065e+01
1.39903343e+01,-1.59652367e+01
1.39529457e+01,-1.59323448e+01
1.39157467e+01,-1.58992310e+01
1.38787389e+01,-1.58658957e+01
1.38419236e+01,-1.58323392e+01
1.38053022e+01,-1.57985618e+01
1.37688762e+01,-1.57645638e+01
1.37326471e+01,-1.57303456e+01
1.36966162e+01,-1.56959074e+01
1.36607849e+01,-1.56612496e+01
1.36251548e+01,-1.56263724e+01
1.35897272e+01,-1.55912763e+01
1.35545035e+01,-1.55559615e+01
1.35194852e+01,-1.55204285e+01
1.34846730e+01,-1.54846785e+01
1.34500677e+01,-1.54487133e+01
1.34156697e+01,-1.54125344e+01
1.33814797e+01,-1.53761436e+01
1.33474984e+01,-1.53395426e+01
1.33137264e+01,-1.53027330e+01
1.32801642e+01,-1.52657165e+01
1.32468126e+01,-1.52284949e+01
1.32136721e+01,-1.51910697e+01
1.31807433e+01,-1.51534426e+01
1.31480269e+01,-1.51156154e+01
1.31155235e+01,-1.50775897e+01
1.30832337e+01,-1.50393672e+01
1.30511581e+01,-1.50009496e+01
1.30192974e+01,-1.49623385e+01
1.29876521e+01,-1.49235357e+01
1.29562230e+01,-1.48845427e+01
1.29250105e+01,-1.48453614e+01
1.28940154e+01,-1.48059933e+01
1.28632382e+01,-1.47664402e+01
1.28326796e+01,-1.47267037e+01
1.28023401e+01,-1.46867855e+01
1.27722205e+01,-1.46466873e+01
1.27423213e+01,-1.46064107e+01
1.27126432e+01,-1.45659575e+01
1.26831867e+01,-1.45253293e+01
1.26539525e+01,-1.44845278e+01
1.26249413e+01,-1.44435547e+01
1.25961535e+01,-1.44024117e+01
1.25675899e+01,-1.43611003e+01
1.25392511e+01,-1.43196224e+01
1.25111376e+01,-1.42779796e+01
1.24832502e+01,-1.42361736e+01
1.24555894e+01,-1.41942061e+01
1.24281559e+01,-1.41520786e+01
1.24009502e+01,-1.41097930e+01
1.23739730e+01,-1.40673509e+01
1.23472249e+01,-1.40247539e+01
1.23207066e+01,-1.39820038e+01
1.22944186e+01,-1.39391023e+01
1.22683615e+01,-1.38960509e+01
1.22425361e+01,-1.38528514e+01
1.22169429e+01,-1.38095055e+01
1.21915825e+01,-1.37660148e+01
1.21664555e+01,-1.37223811e+01
1.21415626e+01,-1.36786060e+01
1.21169044e+01,-1.36346911e+01
1.20924816e+01,-1.35906383e+01
1.20682946e+01,-1.35464490e+01
1.20443442e+01,-1.35021251e+01
1.20206310e+01,-1.34576682e+01
1.19971556e+01,-1.34130799e+01
1.19739185e+01,-1.33683621e+01
1.19509205e+01,-1.33235162e+01
1.19281622e+01,-1.32785441e+01
1.19056441e+01,-1.32334474e+01
1.18833670e+01,-1.31882277e+01
1.18613313e+01,-1.31428868e+01
1.18395378e+01,-1.30974264e+01
1.18179870e+01,-1.30518480e+01
1.17966796e+01,-1.30061534e+01
1.17756161e+01,-1.29603444e+01
1.17547973e+01,-1.29144224e+01
1.17342238e+01,-1.28683893e+01
1.17138960e+01,-1.28222467e+01
1.16938148e+01,-1.27759963e+01
1.16739806e+01,-1.27296398e+01
1.16543942e+01,-1.26831788e+01
1.16350561e+01,-1.26366150e+01
1.16159669e+01,-1.25899501e+01
1.15971273e+01,-1.25431859e+01
1.15785379e+01,-1.24963238e+01
1.15601993e+01,-1.24493658e+01
1.15421122e+01,-1.24023133e+01
1.15242771e+01,-1.23551682e+01
1.15066947e+01,-1.23079320e+01
1.14893655e+01,-1.22606065e+01
1.14722903e+01,-1.22131933e+01
1.14554696e+01,-1.21656941e+01
1.14389041e+01,-1.21181107e+01
1.14225943e+01,-1.20704446e+01
1.14065410e+01,-1.20226976e+01
1.13907446e+01,-1.19748713e+01
1.13752059e+01,-1.19269674e+01
1.13599254e+01,-1.18789876e+01
1.13449039e+01,-1.18309336e+01
1.13301418e+01,-1.17828070e+01
1.13156398e+01,-1.17346095e+01
1.13013985e+01,-1.16863429e+01
1.12874186e+01,-1.16380088e+01
1.12737007e+01,-1.15896088e+01
1.12602454e+01,-1.15411447e+01
1.12470533e+01,-1.14926180e+01
1.12341250e+01,-1.14440306e+01
1.12214612e+01,-1.13953841e+01
1.12090624e+01,-1.13466802e+01
1.11969294e+01,-1.12979205e+01
1.11850626e+01,-1.12491067e+01
1.11734628e+01,-1.12002405e+01
1.11621306e+01,-1.11513236e+01
1.11510665e+01,-1.11023576e+01
1.11402712e+01,-1.10533443e+01
1.11297454e+01,-1.10042853e+01
1.11194895e+01,-1.09551823e+01
1.11095044e+01,-1.09060370e+01
1.10997905e+01,-1.08568510e+01
1.10903485e+01,-1.08076260e+01
1.10811790e+01,-1.07583638e+01
1.10722826e+01,-1.07090660e+01
1.10636600e+01,-1.06597342e+01
1.10553118e+01,-1.06103702e+01
1.10472386e+01,-1.05609756e+01
1.10394410e+01,-1.05115521e+01
1.10319196e+01,-1.04621014e+01
1.10246751e+01,-1.04126252e+01
1.10177079e+01,-1.03631251e+01
1.10110180e+01,-1.03136022e+01
1.10046052e+01,-1.02640578e+01
1.09984693e+01,-1.02144930e+01
1.09926100e+01,-1.01649090e+01
1.09870273e+01,-1.01153070e+01
1.09817209e+01,-1.00656881e+01
1.09766906e+01,-1.00160534e+01
1.09719362e+01,-9.96640423e+00
1.09674576e+01,-9.91674160e+00
1.09632545e+01,-9.86706674e+00
1.09593268e+01,-9.81738080e+00
1.09556742e+01,-9.76768494e+00
1.09522966e+01,-9.71798032e+00
1.09491938e+01,-9.66826811e+00
1.09463656e+01,-9.61854948e+00
1.09438118e+01,-9.56882557e+00
1.09415321e+01,-9.51909756e+00
1.09395265e+01,-9.46936660e+00
1.09377947e+01,-9.41963386e+00
1.09363366e+01,-9.36990050e+00
1.09351518e+01,-9.32016768e+00
1.09342404e+01,-9.27043657e+00
1.09336019e+01,-9.22070832e+00
1.09332363e+01,-9.17098410e+00
1.09331434e+01,-9.12126507e+00
1.09333230e+01,-9.07155239e+00
1.09337749e+01,-9.02184722e+00
1.09344988e+01,-8.97215073e+00
1.09354947e+01,-8.92246408e+00
1.09367623e+01,-8.87278843e+00
1.09383013e+01,-8.82312494e+00
1.09401117e+01,-8.77347478e+00
1.09421933e+01,-8.72383910e+00
1.09445458e+01,-8.67421907e+00
1.09471690e+01,-8.62461585e+00
1.09500628e+01,-8.57503060e+00
1.09532270e+01,-8.52546448e+00
1.09566613e+01,-8.47591867e+00
1.09603656e+01,-8.42639431e+00
1.09643397e+01,-8.37689257e+00
1.09685834e+01,-8.32741461e+00
1.09730965e+01,-8.27796160e+00
1.09778789e+01,-8.22853470e+00
1.09829302e+01,-8.17913506e+00
1.09882504e+01,-8.12976386e+00
1.09938393e+01,-8.08042224e+00
1.09996965e+01,-8.03111139e+00
1.10058221e+01,-7.98183244e+00
1.10122157e+01,-7.93258658e+00
1.10188771e+01,-7.88337496e+00
1.10258063e+01,-7.83419874e+00
1.10330029e+01,-7.78505909e+00
1.10404669e+01,-7.73595716e+00
1.10481979e+01,-7.68689412e+00
1.10561959e+01,-7.63787114e+00
1.10644605e+01,-7.58888936e+00
1.10729918e+01,-7.53994996e+00
1.10817893e+01,-7.49105410e+00
1.10908530e+01,-7.44220294e+00
1.11001826e+01,-7.39339764e+00
1.11097781e+01,-7.34463936e+00
1.11196390e+01,-7.29592927e+00
1.11297654e+01,-7.24726853e+00
1.11401569e+01,-7.19865829e+00
1.11508135e+01,-7.15009973e+00
1.11617348e+01,-7.10159400e+00
1.11729208e+01,-7.05314226e+00
1.11843712e+01,-7.00474568e+00
1.11960858e+01,-6.95640543e+00
1.12080644e+01,-6.90812265e+00
1.12203069e+01,-6.85989852e+00
1.12328130e+01,-6.81173419e+00
1.12455826e+01,-6.76363083e+00
1.12586155e+01,-6.71558960e+00
1.12719114e+01,-6.66761167e+00
1.12854703e+01,-6.61969818e+00
1.12992918e+01,-6.57185032e+00
1.13133758e+01,-6.52406923e+00
1.13277221e+01,-6.47635608e+00
1.13423306e+01,-6.42871203e+00
1.13572010e+01,-6.38113825e+00
1.13723331e+01,-6.33363589e+00
1.13877267e+01,-6.28620612e+00
1.14033817e+01,-6.23885010e+00
1.14192979e+01,-6.19156900e+00
1.14354750e+01,-6.14436397e+00
1.14519129e+01,-6.09723617e+00
1.14686114e+01,-6.05018677e+00
1.14855703e+01,-6.00321694e+00
1.15027893e+01,-5.95632782e+00
1.15202684e+01,-5.90952059e+00
1.15380073e+01,-5.86279641e+00
1.15560058e+01,-5.81615644e+00
1.15742638e+01,-5.76960183e+00
1.15927810e+01,-5.72313376e+00
1.16115572e+01,-5.67675338e+00
1.16305923e+01,-5.63046186e+00
1.16498861e+01,-5.58426036e+00
1.16694383e+01,-5.53815004e+00
1.16892488e+01,-5.49213207e+00
1.17093174e+01,-5.44620759e+00
1.17296439e+01,-5.40037779e+00
1.17502281e+01,-5.35464381e+00
1.17710697e+01,-5.30900687e+00
1.17921680e+01,-5.26346852e+00
1.18135219e+01,-5.21803044e+00
1.18351305e+01,-5.17269434e+00
1.18569925e+01,-5.12746190e+00
1.18791072e+01,-5.08233481e+00
1.19014733e+01,-5.03731478e+00
1.19240900e+01,-4.99240350e+00
1.19469561e+01,-4.94760266e+00
1.19700707e+01,-4.90291395e+00
1.19934327e+01,-4.85833907e+00
1.20170412e+01,-4.81387971e+00
1.20408950e+01,-4.76953757e+00
1.20649931e+01,-4.72531434e+00
1.20893346e+01,-4.68121170e+00
1.21139184e+01,-4.63723137e+00
1.21387435e+01,-4.59337503e+00
1.21638089e+01,-4.54964437e+00
1.21891134e+01,-4.50604109e+00
1.22146562e+01,-4.46256688e+00
1.22404362e+01,-4.41922344e+00
1.22664523e+01,-4.37601246e+00
1.22927036e+01,-4.33293563e+00
1.23191890e+01,-4.28999465e+00
1.23459074e+01,-4.24719121e+00
1.23728579e+01,-4.20452700e+00
1.24000395e+01,-4.16200373e+00
1.24274511e+01,-4.11962308e+00
1.24550917e+01,-4.07738674e+00
1.24829602e+01,-4.03529641e+00
1.25110557e+01,-3.99335379e+00
1.25393771e+01,-3.95156057e+00
1.25679234e+01,-3.90991844e+00
1.25966936e+01,-3.86842909e+00
1.26256866e+01,-3.82709422e+00
1.26549014e+01,-3.78591553e+00
1.26843370e+01,-3.74489470e+00
1.27139924e+01,-3.70403344e+00
1.27438666e+01,-3.66333342e+00
1.27739584e+01,-3.62279636e+00
1.28042670e+01,-3.58242394e+00
1.28347912e+01,-3.54221786e+00
1.28655301e+01,-3.50217980e+00
1.28964826e+01,-3.46231147e+00
1.29276477e+01,-3.42261456e+00
1.29590244e+01,-3.38309075e+00
1.29906117e+01,-3.34374176e+00
1.30224085e+01,-3.30456926e+00
1.30544137e+01,-3.26557495e+00
1.30866265e+01,-3.22676053e+00
1.31190457e+01,-3.18812770e+00
1.31516704e+01,-3.14967813e+00
1.31844994e+01,-3.11141354e+00
1.32175318e+01,-3.07333560e+00
1.32507666e+01,-3.03544602e+00
1.32842028e+01,-2.99774649e+00
1.33178392e+01,-2.96023871e+00
1.33516749e+01,-2.92292436e+00
1.33857089e+01,-2.88580514e+00
1.34199401e+01,-2.84888275e+00
1.34543675e+01,-2.81215887e+00
1.34889902e+01,-2.77563521e+00
1.35238069e+01,-2.73931345e+00
1.35588169e+01,-2.70319530e+00
1.35940189e+01,-2.66728243e+00
1.36294120e+01,-2.63157656e+00
1.36649952e+01,-2.59607937e+00
1.37007675e+01,-2.56079255e+00
1.37367277e+01,-2.52571780e+00
1.37728750e+01,-2.49085681e+00
1.38092082e+01,-2.45621128e+00
1.38457263e+01,-2.42178290e+00
1.38824284e+01,-2.38757337e+00
1.39193134e+01,-2.35358437e+00
1.39563802e+01,-2.31981760e+00
1.39936279e+01,-2.28627476e+00
1.40310554e+01,-2.25295754e+00
1.40686618e+01,-2.21986764e+00
1.41064458e+01,-2.18700674e+00
1.41444067e+01,-2.15437654e+00
1.41825432e+01,-2.12197874e+00
1.42208545e+01,-2.08981502e+00
1.42593395e+01,-2.05788709e+00
1.42979971e+01,-2.02619663e+00
1.43368263e+01,-1.99474534e+00
1.43758261e+01,-1.96353492e+00
1.44149955e+01,-1.93256706e+00
1.44543335e+01,-1.90184344e+00
1.44938390e+01,-1.87136577e+00
1.45335110e+01,-1.84113574e+00
1.45733485e+01,-1.81115505e+00
1.46133504e+01,-1.78142538e+00
1.46535158e+01,-1.75194843e+00
1.46938436e+01,-1.72272589e+00
1.47343327e+01,-1.69375947e+00
1.47749823e+01,-1.66505084e+00
1.48157911e+01,-1.63660171e+00
1.48567583e+01,-1.60841377e+00
1.48978828e+01,-1.58048872e+00
1.49391635e+01,-1.55282824e+00
1.49805995e+01,-1.52543403e+00
1.50221897e+01,-1.49830779e+00
1.50639330e+01,-1.47145120e+00
1.51058286e+01,-1.44486597e+00
1.51478752e+01,-1.41855370e+00
1.51900718e+01,-1.39251475e+00
1.52324168e+01,-1.36674853e+00
1.52749089e+01,-1.34125442e+00
1.53175467e+01,-1.31603182e+00
1.53603288e+01,-1.29108011e+00
1.54032537e+01,-1.26639867e+00
1.54463201e+01,-1.24198690e+00
1.54895266e+01,-1.21784417e+00
1.55328717e+01,-1.19396988e+00
1.55763541e+01,-1.17036341e+00
1.56199723e+01,-1.14702415e+00
1.56637250e+01,-1.12395149e+00
1.57076107e+01,-1.10114480e+00
1.57516281e+01,-1.07860349e+00
1.57957757e+01,-1.05632692e+00
1.58400521e+01,-1.03431450e+00
1.58844560e+01,-1.01256561e+00
1.59289859e+01,-9.91079626e-01
1.59736404e+01,-9.69855941e-01
1.60184181e+01,-9.48893946e-01
1.60633177e+01,-9.28193025e-01
1.61083376e+01,-9.07752563e-01
1.61534766e+01,-8.87571947e-01
1.61987332e+01,-8.67650563e-01
1.62441059e+01,-8.47987799e-01
1.62895935e+01,-8.28583039e-01
1.63351944e+01,-8.09435672e-01
1.63809074e+01,-7.90545083e-01
1.64267309e+01,-7.71910659e-01
1.64726636e+01,-7.53531787e-01
1.65187041e+01,-7.35407852e-01
1.65648510e+01,-7.17538241e-01
1.66111028e+01,-6.99922341e-01
1.66574583e+01,-6.82559539e-01
1.67039158e+01,-6.65449220e-01
1.67504742e+01,-6.48590771e-01
1.67971318e+01,-6.31983579e-01
1.68438875e+01,-6.15627030e-01
1.68907397e+01,-5.99520511e-01
1.69376870e+01,-5.83663408e-01
1.69847281e+01,-5.68055108e-01
1.70318615e+01,-5.52694996e-01
1.70790859e+01,-5.37582460e-01
1.71263997e+01,-5.22716886e-01
1.71738018e+01,-5.08097661e-01
1.72212905e+01,-4.93724171e-01
1.72688645e+01,-4.79595802e-01
1.73165225e+01,-4.65711941e-01
1.73642630e+01,-4.52071974e-01
1.74120846e+01,-4.38675289e-01
1.74599859e+01,-4.25521270e-01
1.75079655e+01,-4.12609306e-01
1.75560220e+01,-3.99938782e-01
1.76041540e+01,-3.87509084e-01
1.76523601e+01,-3.75319600e-01
1.77006388e+01,-3.63369716e-01
1.77489889e+01,-3.51658818e-01
1.77974088e+01,-3.40186067e-01
1.78458972e+01,-3.28948398e-01
1.78944525e+01,-3.17941486e-01
1.79430732e+01,-3.07160988e-01
1.79917578e+01,-2.96602564e-01
1.80405050e+01,-2.86261873e-01
1.80893131e+01,-2.76134572e-01
1.81381807e+01,-2.66216322e-01
1.81871063e+01,-2.56502779e-01
1.82360884e+01,-2.46989604e-01
1.82851255e+01,-2.37672454e-01
1.83342162e+01,-2.28546989e-01
1.83833589e+01,-2.19608867e-01
1.84325522e+01,-2.10853747e-01
1.84817946e+01,-2.02277288e-01
1.85310845e+01,-1.93875148e-01
1.85804205e+01,-1.85642986e-01
1.86298012e+01,-1.77576460e-01
1.86792249e+01,-1.69671230e-01
1.87286903e+01,-1.61922954e-01
1.87781959e+01,-1.54327291e-01
1.88277401e+01,-1.46879900e-01
1.88773215e+01,-1.39576438e-01
1.89269385e+01,-1.32412514e-01
1.89765897e+01,-1.25382819e-01
1.90262736e+01,-1.18481256e-01
1.90759887e+01,-1.11701704e-01
1.91257334e+01,-1.05038039e-01
1.91755063e+01,-9.84841394e-02
1.92253058e+01,-9.20338834e-02
1.92751304e+01,-8.56811483e-02
1.93249787e+01,-7.94198115e-02
1.93748490e+01,-7.32437510e-02
1.94247400e+01,-6.71468445e-02
1.94746500e+01,-6.11229697e-02
1.95245776e+01,-5.51660042e-02
1.95745213e+01,-4.92698258e-02
1.96244796e+01,-4.34283122e-02
1.96744509e+01,-3.76353411e-02
1.97244338e+01,-3.18847902e-02
1.97744267e+01,-2.61705371e-02
1.98244281e+01,-2.04864597e-02
1.98744366e+01,-1.48264355e-02
1.99244505e+01,-9.18434230e-03
1.99744685e+01,-3.55405780e-03
2.00244890e+01,2.07054034e-03
2.00745104e+01,7.69556093e-03
2.01245313e+01,1.33265747e-02
2.01745502e+01,1.89684438e-02
2.02245656e+01,2.46259824e-02
2.02745760e+01,3.03040045e-02
2.03245800e+01,3.60073240e-02
2.03745759e+01,4.17407549e-02
2.04245623e+01,4.75091114e-02
2.04745378e+01,5.33172073e-02
2.05245008e+01,5.91698567e-02
2.05744499e+01,6.50718736e-02
2.06243835e+01,7.10280720e-02
2.06743001e+01,7.70432659e-02
2.07241983e+01,8.31222693e-02
2.07740766e+01,8.92698963e-02
2.08239335e+01,9.54909608e-02
2.08737674e+01,1.01790277e-01
2.09235770e+01,1.08172658e-01
2.09733606e+01,1.14642920e-01
2.10231168e+01,1.21205875e-01
2.10728442e+01,1.27866337e-01
2.11225411e+01,1.34629121e-01
2.11722062e+01,1.41499040e-01
2.12218379e+01,1.48480909e-01
2.12714348e+01,1.55579542e-01
2.13209952e+01,1.62799752e-01
2.13705179e+01,1.70146354e-01
2.14200012e+01,1.77624161e-01
2.14694436e+01,1.85237988e-01
2.15188438e+01,1.92992649e-01
2.15682001e+01,2.00892957e-01
2.16175111e+01,2.08943727e-01
2.16667753e+01,2.17149773e-01
2.17159912e+01,2.25515908e-01
2.17651572e+01,2.34046947e-01
2.18142720e+01,2.42747704e-01
2.18633341e+01,2.51622993e-01
2.19123418e+01,2.60677627e-01
2.19612938e+01,2.69916420e-01
2.20101885e+01,2.79344188e-01
2.20590245e+01,2.88965743e-01
2.21078002e+01,2.98785900e-01
2.21565141e+01,3.08809473e-01
2.22051649e+01,3.19041275e-01
2.22537509e+01,3.29486121e-01
2.23022707e+01,3.40148825e-01
2.23507228e+01,3.51034201e-01
2.23991056e+01,3.62147063e-01
2.24474178e+01,3.73492224e-01
2.24956578e+01,3.85074499e-01
2.25438241e+01,3.96898702e-01
2.25919152e+01,4.08969647e-01
2.26399296e+01,4.21292147e-01
2.26878659e+01,4.33871017e-01
2.27357225e+01,4.46711071e-01
2.27834979e+01,4.59817123e-01
2.28311907e+01,4.73193987e-01
2.28787994e+01,4.86846477e-01
2.29263225e+01,5.00779300e-01
2.29737584e+01,5.14994619e-01
2.30211060e+01,5.29491987e-01
2.30683637e+01,5.44270840e-01
2.31155303e+01,5.59330612e-01
2.31626043e+01,5.74670739e-01
2.32095844e+01,5.90290655e-01
2.32564693e+01,6.06189797e-01
2.33032575e+01,6.22367600e-01
2.33499476e+01,6.38823498e-01
2.33965384e+01,6.55556927e-01
2.34430284e+01,6.72567322e-01
2.34894163e+01,6.89854119e-01
2.35357007e+01,7.07416752e-01
2.35818803e+01,7.25254657e-01
2.36279536e+01,7.43367269e-01
2.36739193e+01,7.61754024e-01
2.37197760e+01,7.80414356e-01
2.37655224e+01,7.99347701e-01
2.38111571e+01,8.18553494e-01
2.38566787e+01,8.38031170e-01
2.39020858e+01,8.57780164e-01
2.39473771e+01,8.77799912e-01
2.39925513e+01,8.98089849e-01
2.40376069e+01,9.18649411e-01
2.40825425e+01,9.39478031e-01
2.41273569e+01,9.60575147e-01
2.41720486e+01,9.81940192e-01
2.42166162e+01,1.00357260e+00
2.42610585e+01,1.02547181e+00
2.43053740e+01,1.04763725e+00
2.43495613e+01,1.07006837e+00
2.43936191e+01,1.09276459e+00
2.44375461e+01,1.11572536e+00
2.44813408e+01,1.13895010e+00
2.45250019e+01,1.16243825e+00
2.45685279e+01,1.18618925e+00
2.46119177e+01,1.21020253e+00
2.46551697e+01,1.23447753e+00
2.46982826e+01,1.25901368e+00
2.47412550e+01,1.28381042e+00
2.47840857e+01,1.30886718e+00
2.48267731e+01,1.33418340e+00
2.48693159e+01,1.35975852e+00
2.49117128e+01,1.38559196e+00
2.49539624e+01,1.41168317e+00
2.49960633e+01,1.43803157e+00
2.50380141e+01,1.46463661e+00
2.50798135e+01,1.49149772e+00
2.51214602e+01,1.51861434e+00
2.51629527e+01,1.54598589e+00
2.52042896e+01,1.57361182e+00
2.52454697e+01,1.60149157e+00
2.52864915e+01,1.62962455e+00
2.53273536e+01,1.65801022e+00
2.53680548e+01,1.68664801e+00
2.54085936e+01,1.71553734e+00
2.54489686e+01,1.74467766e+00
2.54891786e+01,1.77406838e+00
2.55292223e+01,1.80370834e+00
2.55690988e+01,1.83359602e+00
2.56088073e+01,1.86372982e+00
2.56483467e+01,1.89410820e+00
2.56877160e+01,1.92472958e+00
2.57269145e+01,1.95559240e+00
2.57659410e+01,1.98669508e+00
2.58047948e+01,2.01803607e+00
2.58434748e+01,2.04961380e+00
2.58819801e+01,2.08142669e+00
2.59203097e+01,2.11347319e+00
2.59584628e+01,2.14575172e+00
2.59964383e+01,2.17826072e+00
2.60342354e+01,2.21099863e+00
2.60718530e+01,2.24396387e+00
2.61092903e+01,2.27715488e+00
2.61465464e+01,2.31057010e+00
2.61836201e+01,2.34420795e+00
2.62205107e+01,2.37806687e+00
2.62572172e+01,2.41214529e+00
2.62937387e+01,2.44644165e+00
2.63300741e+01,2.48095438e+00
2.63662226e+01,2.51568191e+00
2.64021832e+01,2.55062268e+00
2.64379550e+01,2.58577512e+00
2.64735371e+01,2.62113766e+00
2.65089284e+01,2.65670874e+00
2.65441281e+01,2.69248678e+00
2.65791352e+01,2.72847023e+00
2.66139487e+01,2.76465752e+00
2.66485678e+01,2.80104707e+00
2.66829915e+01,2.83763733e+00
2.67172188e+01,2.87442673e+00
2.67512488e+01,2.91141369e+00
2.67850806e+01,2.94859666e+00
2.68187133e+01,2.98597406e+00
2.68521458e+01,3.02354434e+00
2.68853772e+01,3.06130591e+00
2.69184067e+01,3.09925723e+00
2.69512332e+01,3.13739671e+00
2.69838558e+01,3.17572279e+00
2.70162736e+01,3.21423392e+00
2.70484856e+01,3.25292851e+00
2.70804909e+01,3.29180500e+00
2.71122886e+01,3.33086183e+00
2.71438776e+01,3.37009743e+00
2.71752572e+01,3.40951024e+00
2.72064262e+01,3.44909868e+00
2.72373839e+01,3.48886119e+00
2.72681292e+01,3.52879620e+00
2.72986612e+01,3.56890215e+00
2.73289790e+01,3.60917747e+00
2.73590815e+01,3.64962059e+00
2.73889680e+01,3.69022995e+00
2.74186374e+01,3.73100398e+00
2.74480888e+01,3.77194111e+00
2.74773213e+01,3.81303978e+00
2.75063338e+01,3.85429842e+00
2.75351255e+01,3.89571546e+00
2.75636955e+01,3.93728933e+00
2.75920428e+01,3.97901848e+00
2.76201664e+01,4.02090133e+00
2.76480654e+01,4.06293632e+00
2.76757389e+01,4.10512188e+00
2.77031858e+01,4.14745643e+00
2.77304054e+01,4.18993843e+00
2.77573967e+01,4.23256630e+00
2.77841586e+01,4.27533847e+00
2.78106903e+01,4.31825337e+00
2.78369907e+01,4.36130945e+00
2.78630591e+01,4.40450513e+00
2.78888944e+01,4.44783884e+00
2.79144957e+01,4.49130903e+00
2.79398621e+01,4.53491411e+00
2.79649925e+01,4.57865254e+00
2.79898862e+01,4.62252273e+00
2.80145420e+01,4.66652313e+00
2.80389592e+01,4.71065217e+00
2.80631367e+01,4.75490827e+00
2.80870736e+01,4.79928988e+00
2.81107689e+01,4.84379542e+00
2.81342218e+01,4.88842333e+00
2.81574312e+01,4.93317205e+00
2.81803963e+01,4.97804001e+00
2.82031161e+01,5.02302563e+00
2.82255897e+01,5.06812736e+00
2.82478160e+01,5.11334362e+00
2.82697943e+01,5.15867285e+00
2.82915234e+01,5.20411349e+00
2.83130026e+01,5.24966396e+00
2.83342308e+01,5.29532271e+00
2.83552071e+01,5.34108815e+00
2.83759306e+01,5.38695874e+00
2.83964003e+01,5.43293289e+00
2.84166153e+01,5.47900904e+00
2.84365746e+01,5.52518564e+00
2.84562773e+01,5.57146110e+00
2.84757225e+01,5.61783387e+00
2.84949092e+01,5.66430237e+00
2.85138365e+01,5.71086504e+00
2.85325034e+01,5.75752032e+00
2.85509090e+01,5.80426663e+00
2.85690524e+01,5.85110242e+00
2.85869326e+01,5.89802610e+00
2.86045490e+01,5.94503622e+00
2.86219014e+01,5.99213144e+00
2.86389899e+01,6.03931043e+00
2.86558142e+01,6.08657187e+00
2.86723744e+01,6.13391442e+00
2.86886702e+01,6.18133677e+00
2.87047016e+01,6.22883758e+00
2.87204685e+01,6.27641553e+00
2.87359709e+01,6.32406930e+00
2.87512085e+01,6.37179756e+00
2.87661813e+01,6.41959898e+00
2.87808893e+01,6.46747223e+00
2.87953323e+01,6.51541600e+00
2.88095102e+01,6.56342894e+00
2.88234230e+01,6.61150975e+00
2.88370705e+01,6.65965709e+00
2.88504526e+01,6.70786963e+00
2.88635693e+01,6.75614606e+00
2.88764204e+01,6.80448504e+00
2.88890059e+01,6.85288524e+00
2.89013256e+01,6.90134535e+00
2.89133795e+01,6.94986403e+00
2.89251674e+01,6.99843997e+00
2.89366893e+01,7.04707182e+00
2.89479451e+01,7.09575828e+00
2.89589347e+01,7.14449800e+00
2.89696579e+01,7.19328967e+00
2.89801147e+01,7.24213196e+00
2.89903051e+01,7.29102354e+00
2.90002288e+01,7.33996309e+00
2.90098858e+01,7.38894928e+00
2.90192760e+01,7.43798078e+00
2.90283993e+01,7.48705627e+00
2.90372556e+01,7.53617443e+00
2.90458448e+01,7.58533392e+00
2.90541669e+01,7.63453342e+00
2.90622217e+01,7.68377161e+00
2.90700091e+01,7.73304715e+00
2.90775290e+01,7.78235873e+00
2.90847814e+01,7.83170501e+00
2.90917660e+01,7.88108467e+00
2.90984830e+01,7.93049639e+00
2.91049321e+01,7.97993884e+00
2.91111132e+01,8.02941068e+00
2.91170263e+01,8.07891061e+00
2.91226712e+01,8.12843728e+00
2.91280479e+01,8.17798937e+00
2.91331563e+01,8.22756557e+00
2.91379963e+01,8.27716453e+00
2.91425677e+01,8.32678494e+00
2.91468705e+01,8.37642547e+00
2.91509045e+01,8.42608479e+00
2.91546698e+01,8.47576158e+00
2.91581662e+01,8.52545452e+00
2.91613935e+01,8.57516226e+00
2.91643518e+01,8.62488350e+00
2.91670408e+01,8.67461689e+00
2.91694606e+01,8.72436113e+00
2.91716109e+01,8.77411487e+00
2.91734918e+01,8.82387680e+00
2.91751031e+01,8.87364559e+00
2.91764448e+01,8.92341991e+00
2.91775166e+01,8.97319844e+00
2.91783186e+01,9.02297985e+00
2.91788507e+01,9.07276281e+00
2.91791126e+01,9.12254600e+00
2.91791044e+01,9.17232809e+00
2.91788260e+01,9.22210776e+00
2.91782772e+01,9.27188368e+00
2.91774580e+01,9.32165452e+00
2.91763682e+01,9.37141896e+00
2.91750078e+01,9.42117567e+00
2.91733766e+01,9.47092333e+00
2.91714747e+01,9.52066061e+00
2.91693018e+01,9.57038618e+00
2.91668579e+01,9.62009871e+00
2.91641429e+01,9.66979689e+00
2.91611566e+01,9.71947939e+00
2.91578991e+01,9.76914487e+00
2.91543701e+01,9.81879202e+00
2.91505697e+01,9.86841950e+00
2.91464977e+01,9.91802600e+00
2.91421539e+01,9.96761018e+00
2.91375384e+01,1.00171708e+01
2.91326510e+01,1.00667063e+01
2.91274917e+01,1.01162156e+01
2.91220602e+01,1.01656973e+01
2.91163566e+01,1.02151500e+01
2.91103807e+01,1.02645724e+01
2.91041325e+01,1.03139633e+01
2.90976118e+01,1.03633212e+01
2.90908185e+01,1.04126449e+01
2.90837526e+01,1.04619330e+01
2.90764140e+01,1.05111841e+01
2.90688025e+01,1.05603971e+01
2.90609180e+01,1.06095705e+01
2.90527606e+01,1.06587031e+01
2.90443300e+01,1.07077934e+01
2.90356262e+01,1.07568402e+01
2.90266490e+01,1.08058421e+01
2.90173985e+01,1.08547978e+01
2.90078744e+01,1.09037061e+01
2.89980768e+01,1.09525655e+01
2.89880054e+01,1.10013747e+01
2.89776602e+01,1.10501325e+01
2.89670411e+01,1.10988374e+01
2.89561481e+01,1.11474882e+01
2.89449809e+01,1.11960835e+01
2.89335396e+01,1.12446221e+01
2.89218240e+01,1.12931025e+01
2.89098340e+01,1.13415235e+01
2.88975695e+01,1.13898837e+01
2.88850305e+01,1.14381818e+01
2.88722168e+01,1.14864164e+01
2.88591283e+01,1.15345864e+01
2.88457651e+01,1.15826902e+01
2.88321274e+01,1.16307266e+01
2.88182162e+01,1.16786941e+01
2.88040324e+01,1.17265912e+01
2.87895768e+01,1.17744165e+01
2.87748504e+01,1.18221685e+01
2.87598540e+01,1.18698459e+01
2.87445886e+01,1.19174471e+01
2.87290549e+01,1.19649708e+01
2.87132540e+01,1.20124154e+01
2.86971866e+01,1.20597795e+01
2.86808538e+01,1.21070617e+01
2.86642563e+01,1.21542606e+01
2.86473950e+01,1.22013746e+01
2.86302709e+01,1.22484024e+01
2.86128849e+01,1.22953425e+01
2.85952377e+01,1.23421934e+01
2.85773304e+01,1.23889538e+01
2.85591638e+01,1.24356221e+01
2.85407388e+01,1.24821969e+01
2.85220562e+01,1.25286768e+01
2.85031171e+01,1.25750604e+01
2.84839221e+01,1.26213461e+01
2.84644724e+01,1.26675325e+01
2.84447686e+01,1.27136183e+01
2.84248118e+01,1.27596019e+01
2.84046028e+01,1.28054819e+01
2.83841425e+01,1.28512568e+01
2.83634318e+01,1.28969253e+01
2.83424716e+01,1.29424858e+01
2.83212627e+01,1.29879369e+01
2.82998061e+01,1.30332772e+01
2.82781027e+01,1.30785053e+01
2.82561533e+01,1.31236196e+01
2.82339588e+01,1.31686188e+01
2.82115201e+01,1.32135014e+01
2.81888381e+01,1.32582659e+01
2.81659138e+01,1.33029109e+01
2.81427479e+01,1.33474350e+01
2.81193413e+01,1.33918367e+01
2.80956950e+01,1.34361145e+01
2.80718099e+01,1.34802671e+01
2.80476868e+01,1.35242930e+01
2.80233267e+01,1.35681906e+01
2.79987303e+01,1.36119587e+01
2.79738987e+01,1.36555957e+01
2.79488326e+01,1.36991002e+01
2.79235330e+01,1.37424708e+01
2.78980008e+01,1.37857060e+01
2.78722369e+01,1.38288043e+01
2.78462421e+01,1.38717644e+01
2.78200173e+01,1.39145847e+01
2.77935635e+01,1.39572638e+01
2.77668814e+01,1.39998003e+01
2.77399721e+01,1.40421928e+01
2.77128363e+01,1.40844397e+01
2.76854751e+01,1.41265397e+01
2.76578892e+01,1.41684913e+01
2.76300796e+01,1.42102930e+01
2.76020471e+01,1.42519435e+01
2.75737926e+01,1.42934412e+01
2.75453171e+01,1.43347847e+01
2.75166214e+01,1.43759726e+01
2.74877064e+01,1.44170035e+01
2.74585730e+01,1.44578758e+01
2.74292221e+01,1.44985881e+01
2.73996545e+01,1.45391390e+01
2.73698712e+01,1.45795271e+01
2.73398730e+01,1.46197509e+01
2.73096609e+01,1.46598089e+01
2.72792357e+01,1.46996998e+01
2.72485983e+01,1.47394220e+01
2.72177496e+01,1.47789741e+01
2.71866905e+01,1.48183547e+01
2.71554219e+01,1.48575624e+01
2.71239447e+01,1.48965956e+01
2.70922597e+01,1.49354530e+01
2.70603678e+01,1.49741330e+01
2.70282700e+01,1.50126343e+01
2.69959672e+01,1.50509554e+01
2.69634601e+01,1.50890949e+01
2.69307497e+01,1.51270513e+01
2.68978370e+01,1.51648231e+01
2.68647227e+01,1.52024090e+01
2.68314078e+01,1.52398074e+01
2.67978931e+01,1.52770170e+01
2.67641796e+01,1.53140362e+01
2.67302681e+01,1.53508637e+01
2.66961595e+01,1.53874980e+01
2.66618548e+01,1.54239377e+01
2.66273547e+01,1.54601812e+01
2.65926603e+01,1.54962272e+01
2.65577723e+01,1.55320742e+01
2.65226917e+01,1.55677208e+01
2.64874194e+01,1.56031655e+01
2.64519562e+01,1.56384069e+01
2.64163030e+01,1.56734436e+01
2.63804608e+01,1.57082740e+01
2.63444304e+01,1.57428967e+01
2.63082126e+01,1.57773104e+01
2.62718085e+01,1.58115135e+01
2.62352189e+01,1.58455046e+01
2.61984446e+01,1.58792823e+01
2.61614866e+01,1.59128451e+01
2.61243457e+01,1.59461916e+01
2.60870230e+01,1.59793206e+01
2.60495197e+01,1.60122317e+01
2.60118370e+01,1.60449244e+01
2.59739762e+01,1.60773981e+01
2.59359385e+01,1.61096525e+01
2.58977252e+01,1.61416869e+01
2.58593375e+01,1.61735009e+01
2.58207767e+01,1.62050941e+01
2.57820440e+01,1.62364658e+01
2.57431406e+01,1.62676158e+01
2.57040678e+01,1.62985434e+01
2.56648268e+01,1.63292481e+01
2.56254189e+01,1.63597296e+01
2.55858453e+01,1.63899872e+01
2.55461073e+01,1.64200205e+01
2.55062060e+01,1.64498291e+01
2.54661429e+01,1.64794124e+01
2.54259190e+01,1.65087699e+01
2.53855356e+01,1.65379012e+01
2.53449940e+01,1.65668057e+01
2.53042955e+01,1.65954831e+01
2.52634412e+01,1.66239327e+01
2.52224324e+01,1.66521541e+01
2.51812704e+01,1.66801469e+01
2.51399563e+01,1.67079105e+01
2.50984915e+01,1.67354444e+01
2.50568772e+01,1.67627481e+01
2.50151146e+01,1.67898213e+01
2.49732050e+01,1.68166633e+01
2.49311496e+01,1.68432737e+01
2.48889496e+01,1.68696520e+01
2.48466063e+01,1.68957977e+01
2.48041210e+01,1.69217103e+01
2.47614949e+01,1.69473894e+01
2.47187292e+01,1.69728345e+01
2.46758252e+01,1.69980449e+01
2.46327841e+01,1.70230204e+01
2.45896071e+01,1.70477604e+01
2.45462956e+01,1.70722643e+01
2.45028507e+01,1.70965318e+01
2.44592737e+01,1.71205623e+01
2.44155658e+01,1.71443553e+01
2.43717283e+01,1.71679104e+01
2.43277624e+01,1.71912270e+01
2.42836694e+01,1.72143047e+01
2.42394505e+01,1.72371430e+01
2.41951070e+01,1.72597414e+01
2.41506400e+01,1.72820994e+01
2.41060509e+01,1.73042165e+01
2.40613409e+01,1.73260923e+01
2.40165112e+01,1.73477262e+01
2.39715631e+01,1.73691177e+01
2.39264978e+01,1.73902664e+01
2.38813165e+01,1.74111718e+01
2.38360206e+01,1.74318334e+01
2.37906111e+01,1.74522508e+01
2.37450895e+01,1.74724233e+01
2.36994569e+01,1.74923505e+01
2.36537146e+01,1.75120320e+01
2.36078638e+01,1.75314673e+01
2.35619058e+01,1.75506558e+01
2.35158417e+01,1.75695971e+01
2.34696729e+01,1.75882907e+01
2.34234006e+01,1.76067361e+01
2.33770261e+01,1.76249328e+01
2.33305505e+01,1.76428804e+01
2.32839752e+01,1.76605783e+01
2.32373013e+01,1.76780260e+01
2.31905301e+01,1.76952231e+01
2.31436629e+01,1.77121691e+01
2.30967008e+01,1.77288635e+01
2.30496452e+01,1.77453057e+01
2.30024973e+01,1.77614954e+01
2.29552584e+01,1.77774320e+01
2.29079295e+01,1.77931151e+01
2.28605122e+01,1.78085441e+01
2.28130074e+01,1.78237186e+01
2.27654166e+01,1.78386380e+01
2.27177409e+01,1.78533019e+01
2.26699816e+01,1.78677099e+01
2.26221399e+01,1.78818613e+01
2.25742171e+01,1.78957558e+01
2.25262145e+01,1.79093928e+01
2.24781332e+01,1.79227718e+01
2.24299745e+01,1.79358924e+01
2.23817396e+01,1.79487541e+01
2.23334298e+01,1.79613563e+01
2.22850464e+01,1.79736987e+01
2.22365906e+01,1.79857807e+01
2.21880636e+01,1.79976018e+01
2.21394666e+01,1.80091615e+01
2.20908010e+01,1.80204594e+01
2.20420679e+01,1.80314949e+01
2.19932686e+01,1.80422676e+01
2.19444044e+01,1.80527770e+01
2.18954764e+01,1.80630226e+01
2.18464860e+01,1.80730038e+01
2.17974343e+01,1.80827203e+01
2.17483227e+01,1.80921716e+01
2.16991523e+01,1.81013570e+01
2.16499244e+01,1.81102763e+01
2.16006402e+01,1.81189288e+01
2.15513011e+01,1.81273141e+01
2.15019082e+01,1.81354316e+01
2.14524627e+01,1.81432810e+01
2.14029660e+01,1.81508617e+01
2.13534193e+01,1.81581732e+01
2.13038237e+01,1.81652151e+01
2.12541806e+01,1.81719868e+01
2.12044912e+01,1.81784879e+01
2.11547568e+01,1.81847178e+01
2.11049785e+01,1.81906762e+01
2.10551576e+01,1.81963624e+01
2.10052954e+01,1.82017761e+01
2.09553932e+01,1.82069167e+01
2.09054521e+01,1.82117837e+01
2.08554736e+01,1.82163770e+01
2.08054597e+01,1.82206967e+01
2.07554119e+01,1.82247430e+01
2.07053322e+01,1.82285158e+01
2.06552222e+01,1.82320154e+01
2.06050838e+01,1.82352419e+01
2.05549188e+01,1.82381954e+01
2.05047289e+01,1.82408760e+01
2.04545158e+01,1.82432838e+01
2.04042815e+01,1.82454191e+01
2.03540275e+01,1.82472818e+01
2.03037559e+01,1.82488721e+01
2.02534682e+01,1.82501902e+01
2.02031663e+01,1.82512361e+01
2.01528520e+01,1.82520100e+01
2.01025270e+01,1.82525120e+01
2.00521931e+01,1.82527422e+01
2.00018521e+01,1.82527008e+01
1.99515058e+01,1.82523879e+01
1.99011559e+01,1.82518035e+01
1.98508043e+01,1.82509479e+01
1.98004527e+01,1.82498211e+01
1.97501028e+01,1.82484233e+01
1.96997566e+01,1.82467545e+01
1.96494156e+01,1.82448150e+01
1.95990818e+01,1.82426048e+01
1.95487569e+01,1.82401240e+01
1.94984426e+01,1.82373729e+01
1.94481408e+01,1.82343514e+01
1.93978532e+01,1.82310597e+01
1.93475816e+01,1.82274980e+01
1.92973278e+01,1.82236664e+01
1.92470936e+01,1.82195649e+01
1.91968807e+01,1.82151938e+01
1.91466909e+01,1.82105531e+01
1.90965260e+01,1.82056429e+01
1.90463878e+01,1.82004634e+01
1.89962781e+01,1.81950147e+01
1.89461985e+01,1.81892970e+01
1.88961510e+01,1.81833103e+01
1.88461372e+01,1.81770548e+01
1.87961590e+01,1.81705305e+01
1.87462182e+01,1.81637377e+01
1.86963164e+01,1.81566764e+01
1.86464556e+01,1.81493468e+01
1.85966374e+01,1.81417489e+01
1.85468637e+01,1.81338830e+01
1.84971361e+01,1.81257491e+01
1.84474566e+01,1.81173473e+01
1.83978269e+01,1.81086778e+01
1.83482487e+01,1.80997407e+01
1.82987239e+01,1.80905362e+01
1.82492542e+01,1.80810642e+01
1.81998414e+01,1.80713251e+01
1.81504872e+01,1.80613188e+01
1.81011935e+01,1.80510455e+01
1.80519620e+01,1.80405054e+01
1.80027946e+01,1.80296985e+01
1.79536929e+01,1.80186250e+01
1.79046587e+01,1.80072850e+01
1.78556939e+01,1.79956786e+01
1.78068002e+01,1.79838059e+01
1.77579794e+01,1.79716672e+01
1.77092333e+01,1.79592624e+01
1.76605636e+01,1.79465917e+01
1.76119721e+01,1.79336553e+01
1.75634607e+01,1.79204532e+01
1.75150310e+01,1.79069856e+01
1.74666849e+01,1.78932526e+01
1.74184241e+01,1.78792543e+01
1.73702504e+01,1.78649909e+01
1.73221656e+01,1.78504624e+01
1.72741715e+01,1.78356691e+01
1.72262698e+01,1.78206109e+01
1.71784624e+01,1.78052881e+01
1.71307509e+01,1.77897008e+01
1.70831373e+01,1.77738490e+01
1.70356232e+01,1.77577330e+01
1.69882104e+01,1.77413528e+01
1.69409007e+01,1.77247085e+01
1.68936959e+01,1.77078003e+01
1.68465978e+01,1.76906283e+01
1.67996082e+01,1.76731926e+01
1.67527287e+01,1.76554934e+01
1.67059613e+01,1.76375307e+01
1.66593076e+01,1.76193047e+01
1.66127695e+01,1.76008156e+01
1.65663487e+01,1.75820633e+01
1.65200471e+01,1.75630481e+01
1.64738663e+01,1.75437701e+01
1.64278082e+01,1.75242294e+01
1.63818745e+01,1.75044261e+01
1.63360671e+01,1.74843604e+01
1.62903877e+01,1.74640323e+01
1.62448380e+01,1.74434421e+01
1.61994199e+01,1.74225897e+01
1.61541351e+01,1.74014754e+01
1.61089854e+01,1.73800992e+01
1.60639727e+01,1.73584613e+01
1.60190985e+01,1.73365618e+01
1.59743649e+01,1.73144009e+01
1.59297734e+01,1.72919786e+01
1.58853260e+01,1.72692951e+01
1.58410243e+01,1.72463504e+01
1.57968698e+01,1.72231452e+01
1.57528633e+01,1.71996806e+01
1.57090055e+01,1.71759579e+01
1.56652971e+01,1.71519783e+01
1.56217389e+01,1.71277432e+01
1.55783317e+01,1.71032538e+01
1.55350760e+01,1.70785114e+01
1.54919727e+01,1.70535172e+01
1.54490224e+01,1.70282725e+01
1.54062260e+01,1.70027786e+01
1.53635841e+01,1.69770367e+01
1.53210975e+01,1.69510482e+01
1.52787669e+01,1.69248143e+01
1.52365930e+01,1.68983362e+01
1.51945765e+01,1.68716153e+01
1.51527183e+01,1.68446528e+01
1.51110189e+01,1.68174500e+01
1.50694792e+01,1.67900081e+01
1.50280999e+01,1.67623284e+01
1.49868816e+01,1.67344123e+01
1.49458252e+01,1.67062609e+01
1.49049313e+01,1.66778755e+01
1.48642007e+01,1.66492575e+01
1.48236341e+01,1.66204080e+01
1.47832323e+01,1.65913284e+01
1.47429959e+01,1.65620198e+01
1.47029258e+01,1.65324837e+01
1.46630225e+01,1.65027212e+01
1.46232869e+01,1.64727337e+01
1.45837197e+01,1.64425224e+01
1.45443216e+01,1.64120885e+01
1.45050934e+01,1.63814334e+01
1.44660357e+01,1.63505583e+01
1.44271493e+01,1.63194645e+01
1.43884349e+01,1.62881532e+01
1.43498933e+01,1.62566258e+01
1.43115251e+01,1.62248834e+01
1.42733312e+01,1.61929274e+01
1.42353122e+01,1.61607591e+01
1.41974689e+01,1.61283797e+01
1.41598020e+01,1.60957904e+01
1.41223122e+01,1.60629926e+01
1.40850003e+01,1.60299876e+01
1.40478669e+01,1.59967765e+01
1.40109129e+01,1.59633607e+01
1.39741389e+01,1.59297414e+01
1.39375457e+01,1.58959199e+01
1.39011339e+01,1.58618975e+01
1.38649044e+01,1.58276754e+01
1.38288579e+01,1.57932550e+01
1.37929950e+01,1.57586375e+01
1.37573165e+01,1.57238241e+01
1.37218232e+01,1.56888161e+01
1.36865158e+01,1.56536148e+01
1.36513949e+01,1.56182216e+01
1.36164614e+01,1.55826375e+01
1.35817159e+01,1.55468640e+01
1.35471593e+01,1.55109022e+01
1.35127921e+01,1.54747535e+01
1.34786151e+01,1.54384192e+01
1.34446292e+01,1.54019004e+01
1.34108349e+01,1.53651985e+01
1.33772331e+01,1.53283148e+01
1.33438244e+01,1.52912504e+01
1.33106096e+01,1.52540067e+01
1.32775894e+01,1.52165850e+01
1.32447646e+01,1.51789865e+01
1.32121358e+01,1.51412125e+01
1.31797038e+01,1.51032643e+01
1.31474694e+01,1.50651430e+01
1.31154332e+01,1.50268501e+01
1.30835960e+01,1.49883868e+01
1.30519585e+01,1.49497543e+01
1.30205214e+01,1.49109540e+01
1.29892855e+01,1.48719870e+01
1.29582515e+01,1.48328547e+01
1.29274202e+01,1.47935583e+01
1.28967922e+01,1.47540991e+01
1.28663682e+01,1.47144784e+01
1.28361491e+01,1.46746974e+01
1.28061356e+01,1.46347575e+01
1.27763283e+01,1.45946598e+01
1.27467280e+01,1.45544057e+01
1.27173354e+01,1.45139964e+01
1.26881513e+01,1.44734332e+01
1.26591764e+01,1.44327173e+01
1.26304113e+01,1.43918502e+01
1.26018570e+01,1.43508329e+01
1.25735140e+01,1.43096668e+01
1.25453831e+01,1.42683531e+01
1.25174650e+01,1.42268932e+01
1.24897605e+01,1.41852883e+01
1.24622702e+01,1.41435396e+01
1.24349950e+01,1.41016484e+01
1.24079355e+01,1.40596161e+01
1.23810925e+01,1.40174438e+01
1.23544667e+01,1.39751329e+01
1.23280588e+01,1.39326846e+01
1.23018696e+01,1.38901002e+01
1.22758998e+01,1.38473810e+01
1.22501501e+01,1.38045282e+01
1.22246212e+01,1.37615430e+01
1.21993139e+01,1.37184269e+01
1.21742288e+01,1.36751810e+01
1.21493669e+01,1.36318066e+01
1.21247286e+01,1.35883050e+01
1.21003149e+01,1.35446774e+01
1.20761264e+01,1.35009252e+01
1.20521638e+01,1.34570496e+01
1.20284279e+01,1.34130518e+01
1.20049194e+01,1.33689332e+01
1.19816390e+01,1.33246950e+01
1.19585874e+01,1.32803385e+01
1.19357655e+01,1.32358649e+01
1.19131739e+01,1.31912755e+01
1.18908133e+01,1.31465716e+01
1.18686845e+01,1.31017545e+01
1.18467882e+01,1.30568254e+01
1.18251251e+01,1.30117857e+01
1.18036960e+01,1.29666365e+01
1.17825015e+01,1.29213791e+01
1.17615425e+01,1.28760149e+01
1.17408196e+01,1.28305451e+01
1.17203336e+01,1.27849709e+01
1.17000852e+01,1.27392936e+01
1.16800751e+01,1.26935146e+01
1.16603041e+01,1.26476350e+01
1.16407729e+01,1.26016561e+01
1.16214821e+01,1.25555793e+01
1.16024327e+01,1.25094058e+01
1.15836251e+01,1.24631368e+01
1.15650603e+01,1.24167736e+01
1.15467390e+01,1.23703175e+01
1.15286617e+01,1.23237698e+01
1.15108294e+01,1.22771318e+01
1.14932427e+01,1.22304046e+01
1.14759023e+01,1.21835897e+01
1.14588090e+01,1.21366881e+01
1.14419635e+01,1.20897013e+01
1.14253666e+01,1.20426305e+01
1.14090189e+01,1.19954770e+01
1.13929211e+01,1.19482420e+01
1.13770741e+01,1.19009267e+01
1.13614786e+01,1.18535326e+01
1.13461352e+01,1.18060608e+01
1.13310447e+01,1.17585126e+01
1.13162078e+01,1.17108894e+01
1.13016253e+01,1.16631922e+01
1.12872979e+01,1.16154225e+01
1.12732263e+01,1.15675815e+01
1.12594112e+01,1.15196705e+01
1.12458535e+01,1.14716907e+01
1.12325537e+01,1.14236435e+01
1.12195126e+01,1.13755300e+01
1.12067310e+01,1.13273516e+01
1.11942096e+01,1.12791094e+01
1.11819492e+01,1.12308049e+01
1.11699503e+01,1.11824393e+01
1.11582138e+01,1.11340138e+01
1.11467405e+01,1.10855297e+01
1.11355309e+01,1.10369883e+01
1.11245860e+01,1.09883908e+01
1.11139063e+01,1.09397386e+01
1.11034926e+01,1.08910328e+01
1.10933457e+01,1.08422748e+01
1.10834662e+01,1.07934659e+01
1.10738550e+01,1.07446072e+01
1.10645126e+01,1.06957001e+01
1.10554400e+01,1.06467459e+01
1.10466377e+01,1.05977458e+01
1.10381065e+01,1.05487010e+01
1.10298472e+01,1.04996130e+01
1.10218605e+01,1.04504828e+01
1.10141470e+01,1.04013119e+01
1.10067076e+01,1.03521014e+01
1.09995430e+01,1.03028527e+01
1.09926538e+01,1.02535670e+01
1.09860409e+01,1.02042455e+01
1.09797049e+01,1.01548897e+01
1.09736466e+01,1.01055006e+01
1.09678667e+01,1.00560796e+01
1.09623659e+01,1.00066280e+01
1.09571449e+01,9.95714706e+00
1.09522046e+01,9.90763801e+00
1.09475456e+01,9.85810214e+00
1.09431686e+01,9.80854073e+00
1.09390744e+01,9.75895503e+00
1.09352637e+01,9.70934633e+00
1.09317372e+01,9.65971589e+00
1.09284957e+01,9.61006498e+00
1.09255399e+01,9.56039488e+00
1.09228705e+01,9.51070685e+00
1.09204883e+01,9.46100217e+00
1.09183939e+01,9.41128210e+00
1.09165881e+01,9.36154792e+00
1.09150716e+01,9.31180090e+00
1.09138453e+01,9.26204231e+00
1.09129097e+01,9.21227342e+00
1.09122656e+01,9.16249550e+00
1.09119138e+01,9.11270982e+00
1.09118549e+01,9.06291765e+00
1.09120897e+01,9.01312027e+00
1.09126190e+01,8.96331894e+00
1.09134435e+01,8.91351493e+00
1.09145638e+01,8.86370953e+00
1.09159807e+01,8.81390398e+00
1.09176950e+01,8.76409958e+00
1.09197074e+01,8.71429758e+00
1.09220184e+01,8.66449929e+00
1.09246277e+01,8.61470619e+00
1.09275345e+01,8.56491984e+00
1.09307381e+01,8.51514180e+00
1.09342376e+01,8.46537362e+00
1.09380323e+01,8.41561688e+00
1.09421214e+01,8.36587312e+00
1.09465041e+01,8.31614391e+00
1.09511797e+01,8.26643080e+00
1.09561474e+01,8.21673536e+00
1.09614064e+01,8.16705915e+00
1.09669559e+01,8.11740371e+00
1.09727952e+01,8.06777063e+00
1.09789235e+01,8.01816144e+00
1.09853400e+01,7.96857772e+00
1.09920440e+01,7.91902102e+00
1.09990346e+01,7.86949291e+00
1.10063111e+01,7.81999493e+00
1.10138727e+01,7.77052865e+00
1.10217186e+01,7.72109564e+00
1.10298481e+01,7.67169744e+00
1.10382605e+01,7.62233562e+00
1.10469548e+01,7.57301174e+00
1.10559304e+01,7.52372736e+00
1.10651864e+01,7.47448404e+00
1.10747222e+01,7.42528333e+00
1.10845369e+01,7.37612680e+00
1.10946297e+01,7.32701600e+00
1.11049999e+01,7.27795250e+00
1.11156467e+01,7.22893785e+00
1.11265693e+01,7.17997362e+00
1.11377670e+01,7.13106136e+00
1.11492389e+01,7.08220263e+00
1.11609843e+01,7.03339899e+00
1.11730025e+01,6.98465201e+00
1.11852926e+01,6.93596323e+00
1.11978539e+01,6.88733423e+00
1.12106857e+01,6.83876656e+00
1.12237870e+01,6.79026177e+00
1.12371572e+01,6.74182144e+00
1.12507954e+01,6.69344711e+00
1.12647010e+01,6.64514035e+00
1.12788731e+01,6.59690272e+00
1.12933110e+01,6.54873577e+00
1.13080139e+01,6.50064107e+00
1.13229809e+01,6.45262018e+00
1.13382114e+01,6.40467465e+00
1.13537046e+01,6.35680605e+00
1.13694596e+01,6.30901592e+00
1.13854757e+01,6.26130585e+00
1.14017522e+01,6.21367737e+00
1.14182883e+01,6.16613206e+00
1.14350831e+01,6.11867146e+00
1.14521360e+01,6.07129715e+00
1.14694461e+01,6.02401068e+00
1.14870126e+01,5.97681361e+00
1.15048349e+01,5.92970750e+00
1.15229120e+01,5.88269390e+00
1.15412433e+01,5.83577439e+00
1.15598280e+01,5.78895051e+00
1.15786653e+01,5.74222383e+00
1.15977543e+01,5.69559590e+00
1.16170945e+01,5.64906830e+00
1.16366849e+01,5.60264256e+00
1.16565248e+01,5.55632026e+00
1.16766134e+01,5.51010296e+00
1.16969499e+01,5.46399221e+00
1.17175337e+01,5.41798957e+00
1.17383638e+01,5.37209661e+00
1.17594395e+01,5.32631487e+00
1.17807602e+01,5.28064593e+00
1.18023248e+01,5.23509134e+00
1.18241328e+01,5.18965266e+00
1.18461833e+01,5.14433145e+00
1.18684756e+01,5.09912927e+00
1.18910088e+01,5.05404767e+00
1.19137822e+01,5.00908823e+00
1.19367951e+01,4.96425249e+00
1.19600466e+01,4.91954202e+00
1.19835360e+01,4.87495837e+00
1.20072625e+01,4.83050312e+00
1.20312254e+01,4.78617780e+00
1.20554238e+01,4.74198399e+00
1.20798569e+01,4.69792325e+00
1.21045241e+01,4.65399713e+00
1.21294245e+01,4.61020719e+00
1.21545574e+01,4.56655499e+00
1.21799220e+01,4.52304210e+00
1.22055174e+01,4.47967007e+00
1.22313430e+01,4.43644046e+00
1.22573980e+01,4.39335483e+00
1.22836816e+01,4.35041473e+00
1.23101929e+01,4.30762174e+00
1.23369313e+01,4.26497741e+00
1.23638960e+01,4.22248329e+00
1.23910862e+01,4.18014095e+00
1.24185010e+01,4.13795195e+00
1.24461398e+01,4.09591784e+00
1.24740018e+01,4.05404019e+00
1.25020862e+01,4.01232056e+00
1.25303922e+01,3.97076050e+00
1.25589190e+01,3.92936157e+00
1.25876659e+01,3.88812534e+00
1.26166321e+01,3.84705336e+00
1.26458168e+01,3.80614719e+00
1.26752193e+01,3.76540840e+00
1.27048387e+01,3.72483853e+00
1.27346744e+01,3.68443916e+00
1.27647254e+01,3.64421184e+00
1.27949911e+01,3.60415812e+00
1.28254707e+01,3.56427958e+00
1.28561634e+01,3.52457776e+00
1.28870684e+01,3.48505423e+00
1.29181849e+01,3.44571055e+00
1.29495123e+01,3.40654828e+00
1.29810496e+01,3.36756897e+00
1.30127961e+01,3.32877404e+00
1.30447507e+01,3.29016439e+00
1.30769123e+01,3.25174076e+00
1.31092798e+01,3.21350393e+00
1.31418520e+01,3.17545465e+00
1.31746278e+01,3.13759368e+00
1.32076062e+01,3.09992180e+00
1.32407860e+01,3.06243976e+00
1.32741661e+01,3.02514831e+00
1.33077454e+01,2.98804824e+00
1.33415227e+01,2.95114028e+00
1.33754970e+01,2.91442522e+00
1.34096672e+01,2.87790381e+00
1.34440320e+01,2.84157680e+00
1.34785904e+01,2.80544498e+00
1.35133414e+01,2.76950908e+00
1.35482837e+01,2.73376989e+00
1.35834162e+01,2.69822816e+00
1.36187379e+01,2.66288464e+00
1.36542476e+01,2.62774011e+00
1.36899443e+01,2.59279533e+00
1.37258267e+01,2.55805105e+00
1.37618938e+01,2.52350805e+00
1.37981445e+01,2.48916707e+00
1.38345776e+01,2.45502889e+00
1.38711920e+01,2.42109426e+00
1.39079867e+01,2.38736395e+00
1.39449604e+01,2.35383872e+00
1.39821122e+01,2.32051933e+00
1.40194408e+01,2.28740654e+00
1.40569451e+01,2.25450112e+00
1.40946242e+01,2.22180383e+00
1.41324767e+01,2.18931542e+00
1.41705016e+01,2.15703667e+00
1.42086978e+01,2.12496833e+00
1.42470643e+01,2.09311116e+00
1.42855997e+01,2.06146593e+00
1.43243031e+01,2.03003339e+00
1.43631734e+01,1.99881432e+00
1.44022093e+01,1.96780947e+00
1.44414099e+01,1.93701961e+00
1.44807739e+01,1.90644549e+00
1.45203003e+01,1.87608788e+00
1.45599880e+01,1.84594754e+00
1.45998358e+01,1.81602523e+00
1.46398426e+01,1.78632172e+00
1.46800073e+01,1.75683776e+00
1.47203288e+01,1.72757412e+00
1.47608060e+01,1.69853157e+00
1.48014378e+01,1.66971085e+00
1.48422229e+01,1.64111273e+00
1.48831605e+01,1.61273799e+00
1.49242492e+01,1.58458737e+00
1.49654880e+01,1.55666164e+00
1.50068758e+01,1.52896156e+00
1.50484115e+01,1.50148789e+00
1.50900939e+01,1.47424141e+00
1.51319220e+01,1.44722285e+00
1.51738946e+01,1.42043300e+00
1.52160106e+01,1.39387261e+00
1.52582688e+01,1.36754244e+00
1.53006683e+01,1.34144326e+00
1.53432078e+01,1.31557583e+00
1.53858862e+01,1.28994090e+00
1.54287025e+01,1.26453925e+00
1.54716555e+01,1.23937162e+00
1.55147440e+01,1.21443880e+00
1.55579671e+01,1.18974153e+00
1.56013235e+01,1.16528058e+00
1.56448122e+01,1.14105671e+00
1.56884320e+01,1.11707068e+00
1.57321818e+01,1.09332326e+00
1.57760606e+01,1.06981520e+00
1.58200671e+01,1.04654727e+00
1.58642002e+01,1.02352024e+00
1.59084590e+01,1.00073486e+00
1.59528422e+01,9.78191888e-01
1.59973487e+01,9.55892095e-01
1.60419774e+01,9.33836240e-01
1.60867272e+01,9.12025085e-01
1.61315970e+01,8.90459393e-01
1.61765856e+01,8.69139924e-01
1.62216920e+01,8.48067442e-01
1.62669150e+01,8.27242708e-01
1.63122536e+01,8.06666484e-01
1.63577065e+01,7.86339532e-01
1.64032727e+01,7.66262614e-01
1.64489511e+01,7.46436492e-01
1.64947406e+01,7.26861927e-01
1.65406400e+01,7.07539682e-01
1.65866482e+01,6.88470519e-01
1.66327641e+01,6.69655200e-01
1.66789866e+01,6.51094486e-01
1.67253146e+01,6.32789139e-01
1.67717470e+01,6.14739923e-01
1.68182826e+01,5.96947597e-01
1.68649203e+01,5.79412925e-01
1.69116590e+01,5.62136668e-01
1.69584977e+01,5.45119588e-01
1.70054351e+01,5.28362448e-01
1.70524702e+01,5.11866008e-01
1.70996018e+01,4.95631032e-01
1.71468289e+01,4.79658281e-01
1.71941503e+01,4.63948516e-01
1.72415649e+01,4.48502445e-01
1.72890712e+01,4.33320355e-01
1.73366676e+01,4.18402345e-01
1.73843525e+01,4.03748513e-01
1.74321244e+01,3.89358957e-01
1.74799816e+01,3.75233775e-01
1.75279226e+01,3.61373064e-01
1.75759458e+01,3.47776924e-01
1.76240495e+01,3.34445451e-01
1.76722323e+01,3.21378744e-01
1.77204925e+01,3.08576900e-01
1.77688285e+01,2.96040019e-01
1.78172387e+01,2.83768196e-01
1.78657215e+01,2.71761531e-01
1.79142754e+01,2.60020122e-01
1.79628988e+01,2.48544066e-01
1.80115900e+01,2.37333462e-01
1.80603475e+01,2.26388406e-01
1.81091697e+01,2.15708998e-01
1.81580550e+01,2.05295335e-01
1.82070018e+01,1.95147516e-01
1.82560085e+01,1.85265637e-01
1.83050736e+01,1.75649798e-01
1.83541954e+01,1.66300095e-01
1.84033724e+01,1.57216627e-01
1.84526029e+01,1.48399493e-01
1.85018854e+01,1.39848789e-01
1.85512183e+01,1.31564614e-01
1.86006000e+01,1.23547065e-01
1.86500289e+01,1.15796241e-01
1.86995034e+01,1.08312240e-01
1.87490219e+01,1.01095160e-01
1.87985829e+01,9.41450976e-02
1.88481847e+01,8.74621521e-02
1.88978258e+01,8.10464211e-02
1.89475045e+01,7.48980025e-02
1.89972193e+01,6.90169942e-02
1.90469687e+01,6.34034941e-02
1.90967509e+01,5.80576004e-02
1.91465644e+01,5.29794107e-02
1.91964076e+01,4.81690233e-02
1.92462790e+01,4.36265359e-02
1.92961769e+01,3.93520465e-02
1.93460998e+01,3.53456531e-02
1.93960461e+01,3.16074536e-02
1.94460141e+01,2.81375460e-02
1.94960023e+01,2.49360282e-02
1.95460090e+01,2.20029982e-02
1.95960328e+01,1.93385540e-02
1.96460720e+01,1.69427934e-02
1.96961251e+01,1.48158144e-02
1.97461903e+01,1.29577150e-02
1.97962663e+01,1.13685931e-02
1.98463512e+01,1.00485467e-02
1.98964437e+01,8.99767368e-03
1.99465420e+01,8.21607205e-03
1.99966446e+01,7.70383974e-03
2.00467499e+01,7.46107469e-03
2.00968563e+01,7.48787486e-03
2.01469623e+01,7.78433820e-03
2.01970661e+01,8.35056265e-03
2.02471663e+01,9.18664616e-03
2.02972613e+01,1.02926867e-02
2.03473494e+01,1.16687822e-02
2.03974291e+01,1.33150306e-02
2.04474988e+01,1.52315298e-02
2.04975569e+01,1.74183779e-02
2.05476017e+01,1.98756728e-02
2.05976318e+01,2.26035123e-02
2.06476455e+01,2.56019945e-02
2.06976413e+01,2.88712173e-02
2.07476175e+01,3.24112787e-02
2.07975725e+01,3.62222765e-02
2.08475048e+01,4.03043089e-02
2.08974128e+01,4.46574736e-02
2.09472949e+01,4.92818687e-02
2.09971495e+01,5.41775921e-02
2.10469750e+01,5.93447417e-02
2.10967698e+01,6.47834155e-02
2.11465323e+01,7.04937115e-02
2.11962610e+01,7.64757276e-02
2.12459542e+01,8.27295617e-02
2.12956104e+01,8.92553119e-02
2.13452280e+01,9.60530760e-02
2.13948053e+01,1.03122952e-01
2.14443409e+01,1.10465038e-01
2.14938330e+01,1.18079432e-01
2.15432801e+01,1.25966231e-01
2.15926807e+01,1.34125534e-01
2.16420331e+01,1.42557439e-01
2.16913358e+01,1.51262043e-01
2.17405871e+01,1.60239445e-01
2.17897855e+01,1.69489742e-01
2.18389293e+01,1.79013033e-01
2.18880170e+01,1.88809415e-01
2.19370471e+01,1.98878987e-01
2.19860178e+01,2.09221846e-01
2.20349277e+01,2.19838090e-01
2.20837751e+01,2.30727817e-01
2.21325584e+01,2.41891125e-01
2.21812760e+01,2.53328113e-01
2.22299265e+01,2.65038877e-01
2.22785081e+01,2.77023517e-01
2.23270193e+01,2.89282129e-01
2.23754585e+01,3.01814785e-01
2.24238242e+01,3.14621087e-01
2.24721153e+01,3.27700248e-01
2.25203303e+01,3.41051470e-01
2.25684681e+01,3.54673951e-01
2.26165272e+01,3.68566894e-01
2.26645065e+01,3.82729498e-01
2.27124047e+01,3.97160965e-01
2.27602204e+01,4.11860495e-01
2.28079524e+01,4.26827289e-01
2.28555993e+01,4.42060547e-01
2.29031600e+01,4.57559471e-01
2.29506330e+01,4.73323260e-01
2.29980172e+01,4.89351115e-01
2.30453112e+01,5.05642238e-01
2.30925137e+01,5.22195828e-01
2.31396235e+01,5.39011086e-01
2.31866392e+01,5.56087214e-01
2.32335596e+01,5.73423411e-01
2.32803834e+01,5.91018878e-01
2.33271093e+01,6.08872817e-01
2.33737360e+01,6.26984427e-01
2.34202623e+01,6.45352910e-01
2.34666867e+01,6.63977465e-01
2.35130081e+01,6.82857294e-01
2.35592252e+01,7.01991598e-01
2.36053366e+01,7.21379576e-01
2.36513411e+01,7.41020430e-01
2.36972374e+01,7.60913360e-01
2.37430242e+01,7.81057567e-01
2.37887002e+01,8.01452252e-01
2.38342642e+01,8.22096615e-01
2.38797148e+01,8.42989857e-01
2.39250507e+01,8.64131179e-01
2.39702707e+01,8.85519780e-01
2.40153735e+01,9.07154863e-01
2.40603578e+01,9.29035627e-01
2.41052222e+01,9.51161273e-01
2.41499656e+01,9.73531003e-01
2.41945866e+01,9.96144015e-01
2.42390839e+01,1.01899951e+00
2.42834563e+01,1.04209669e+00
2.43277025e+01,1.06543476e+00
2.43718211e+01,1.08901291e+00
2.44158108e+01,1.11283035e+00
2.44596705e+01,1.13688628e+00
2.45033988e+01,1.16117989e+00
2.45469944e+01,1.18571040e+00
2.45904560e+01,1.21047699e+00
2.46337824e+01,1.23547888e+00
2.46769722e+01,1.26071525e+00
2.47200242e+01,1.28618532e+00
2.47629371e+01,1.31188828e+00
2.48057095e+01,1.33782333e+00
2.48483403e+01,1.36398967e+00
2.48908280e+01,1.39038651e+00
2.49331715e+01,1.41701304e+00
2.49753694e+01,1.44386847e+00
2.50174205e+01,1.47095200e+00
2.50593234e+01,1.49826282e+00
2.51010769e+01,1.52580014e+00
2.51426797e+01,1.55356315e+00
2.51841305e+01,1.58155107e+00
2.52254279e+01,1.60976308e+00
2.52665708e+01,1.63819840e+00
2.53075578e+01,1.66685621e+00
2.53483877e+01,1.69573573e+00
2.53890591e+01,1.72483615e+00
2.54295708e+01,1.75415667e+00
2.54699215e+01,1.78369650e+00
2.55101098e+01,1.81345482e+00
2.55501346e+01,1.84343086e+00
2.55899944e+01,1.87362380e+00
2.56296881e+01,1.90403284e+00
2.56692143e+01,1.93465719e+00
2.57085718e+01,1.96549605e+00
2.57477592e+01,1.99654861e+00
2.57867753e+01,2.02781409e+00
2.58256188e+01,2.05929167e+00
2.58642884e+01,2.09098057e+00
2.59027828e+01,2.12287997e+00
2.59411007e+01,2.15498909e+00
2.59792408e+01,2.18730711e+00
2.60172019e+01,2.21983325e+00
2.60549826e+01,2.25256671e+00
2.60925817e+01,2.28550667e+00
2.61299979e+01,2.31865235e+00
2.61672298e+01,2.35200295e+00
2.62042763e+01,2.38555766e+00
2.62411360e+01,2.41931569e+00
2.62778076e+01,2.45327624e+00
2.63142898e+01,2.48743850e+00
2.63505814e+01,2.52180168e+00
2.63866810e+01,2.55636498e+00
2.64225874e+01,2.59112760e+00
2.64582994e+01,2.62608874e+00
2.64938154e+01,2.66124761e+00
2.65291345e+01,2.69660339e+00
2.65642551e+01,2.73215530e+00
2.65991760e+01,2.76790253e+00
2.66338960e+01,2.80384428e+00
2.66684138e+01,2.83997976e+00
2.67027280e+01,2.87630816e+00
2.67368374e+01,2.91282869e+00
2.67707407e+01,2.94954054e+00
2.68044369e+01,2.98644270e+00
2.68379252e+01,3.02353382e+00
2.68712050e+01,3.06081253e+00
2.69042757e+01,3.09827748e+00
2.69371367e+01,3.13592729e+00
2.69697872e+01,3.17376059e+00
2.70022267e+01,3.21177601e+00
2.70344544e+01,3.24997219e+00
2.70664698e+01,3.28834775e+00
2.70982722e+01,3.32690133e+00
2.71298609e+01,3.36563157e+00
2.71612354e+01,3.40453709e+00
2.71923948e+01,3.44361652e+00
2.72233387e+01,3.48286850e+00
2.72540663e+01,3.52229166e+00
2.72845770e+01,3.56188463e+00
2.73148702e+01,3.60164604e+00
2.73449451e+01,3.64157452e+00
2.73748013e+01,3.68166871e+00
2.74044379e+01,3.72192724e+00
2.74338544e+01,3.76234874e+00
2.74630502e+01,3.80293184e+00
2.74920244e+01,3.84367517e+00
2.75207767e+01,3.88457736e+00
2.75493061e+01,3.92563706e+00
2.75776122e+01,3.96685288e+00
2.76056943e+01,4.00822346e+00
2.76335517e+01,4.04974743e+00
2.76611838e+01,4.09142343e+00
2.76885900e+01,4.13325008e+00
2.77157695e+01,4.17522602e+00
2.77427217e+01,4.21734988e+00
2.77694460e+01,4.25962029e+00
2.77959418e+01,4.30203588e+00
2.78222084e+01,4.34459529e+00
2.78482451e+01,4.38729715e+00
2.78740513e+01,4.43014008e+00
2.78996264e+01,4.47312272e+00
2.79249696e+01,4.51624371e+00
2.79500804e+01,4.55950167e+00
2.79749582e+01,4.60289523e+00
2.79996022e+01,4.64642304e+00
2.80240117e+01,4.69008371e+00
2.80481863e+01,4.73387588e+00
2.80721252e+01,4.77779819e+00
2.80958277e+01,4.82184926e+00
2.81192932e+01,4.86602773e+00
2.81425212e+01,4.91033223e+00
2.81655108e+01,4.95476138e+00
2.81882615e+01,4.99931383e+00
2.82107727e+01,5.04398820e+00
2.82330436e+01,5.08878313e+00
2.82550737e+01,5.13369725e+00
2.82768622e+01,5.17872919e+00
2.82984086e+01,5.22387757e+00
2.83197122e+01,5.26914104e+00
2.83407723e+01,5.31451823e+00
2.83615882e+01,5.36000776e+00
2.83821595e+01,5.40560827e+00
2.84024853e+01,5.45131839e+00
2.84225651e+01,5.49713675e+00
2.84423982e+01,5.54306199e+00
2.84619839e+01,5.58909273e+00
2.84813217e+01,5.63522761e+00
2.85004108e+01,5.68146526e+00
2.85192506e+01,5.72780431e+00
2.85378405e+01,5.77424339e+00
2.85561798e+01,5.82078114e+00
2.85742678e+01,5.86741619e+00
2.85921040e+01,5.91414716e+00
2.86096876e+01,5.96097269e+00
2.86270181e+01,6.00789142e+00
2.86440947e+01,6.05490197e+00
2.86609169e+01,6.10200298e+00
2.86774839e+01,6.14919307e+00
2.86937952e+01,6.19647088e+00
2.87098500e+01,6.24383505e+00
2.87256478e+01,6.29128419e+00
2.87411879e+01,6.33881696e+00
2.87564696e+01,6.38643197e+00
2.87714923e+01,6.43412785e+00
2.87862553e+01,6.48190325e+00
2.88007581e+01,6.52975679e+00
2.88149999e+01,6.57768711e+00
2.88289800e+01,6.62569283e+00
2.88426980e+01,6.67377258e+00
2.88561530e+01,6.72192501e+00
2.88693445e+01,6.77014874e+00
2.88822718e+01,6.81844240e+00
2.88949343e+01,6.86680463e+00
2.89073313e+01,6.91523405e+00
2.89194621e+01,6.96372931e+00
2.89313262e+01,7.01228902e+00
2.89429228e+01,7.06091182e+00
2.89542514e+01,7.10959635e+00
2.89653112e+01,7.15834124e+00
2.89761016e+01,7.20714511e+00
2.89866221e+01,7.25600660e+00
2.89968718e+01,7.30492434e+00
2.90068502e+01,7.35389697e+00
2.90165567e+01,7.40292311e+00
2.90259906e+01,7.45200140e+00
2.90351512e+01,7.50113047e+00
2.90440378e+01,7.55030894e+00
2.90526500e+01,7.59953546e+00
2.90609869e+01,7.64880866e+00
2.90690480e+01,7.69812716e+00
2.90768325e+01,7.74748959e+00
2.90843399e+01,7.79689460e+00
2.90915696e+01,7.84634081e+00
2.90985207e+01,7.89582685e+00
2.91051928e+01,7.94535136e+00
2.91115851e+01,7.99491296e+00
2.91176971e+01,8.04451029e+00
2.91235280e+01,8.09414198e+00
2.91290773e+01,8.14380666e+00
2.91343447e+01,8.19350289e+00
2.91393306e+01,8.24322913e+00
2.91440353e+01,8.29298388e+00
2.91484591e+01,8.34276562e+00
2.91526023e+01,8.39257282e+00
2.91564652e+01,8.44240396e+00
2.91600481e+01,8.49225753e+00
2.91633512e+01,8.54213201e+00
2.91663750e+01,8.59202587e+00
2.91691197e+01,8.64193760e+00
2.91715857e+01,8.69186568e+00
2.91737731e+01,8.74180859e+00
2.91756824e+01,8.79176480e+00
2.91773138e+01,8.84173281e+00
2.91786676e+01,8.89171108e+00
2.91797441e+01,8.94169811e+00
2.91805437e+01,8.99169236e+00
2.91810667e+01,9.04169232e+00
2.91813133e+01,9.09169648e+00
2.91812838e+01,9.14170330e+00
2.91809786e+01,9.19171128e+00
2.91803980e+01,9.24171889e+00
2.91795422e+01,9.29172461e+00
2.91784116e+01,9.34172693e+00
2.91770065e+01,9.39172431e+00
2.91753272e+01,9.44171526e+00
2.91733739e+01,9.49169823e+00
2.91711470e+01,9.54167172e+00
2.91686468e+01,9.59163421e+00
2.91658736e+01,9.64158417e+00
2.91628277e+01,9.69152009e+00
2.91595095e+01,9.74144044e+00
2.91559191e+01,9.79134371e+00
2.91520569e+01,9.84122838e+00
2.91479232e+01,9.89109293e+00
2.91435184e+01,9.94093583e+00
2.91388427e+01,9.99075557e+00
2.91338964e+01,1.00405507e+01
2.91286798e+01,1.00903195e+01
2.91231933e+01,1.01400607e+01
2.91174371e+01,1.01897726e+01
2.91114116e+01,1.02394537e+01
2.91051170e+01,1.02891026e+01
2.90985536e+01,1.03387176e+01
2.90917219e+01,1.03882974e+01
2.90846219e+01,1.04378403e+01
2.90772542e+01,1.04873448e+01
2.90696189e+01,1.05368095e+01
2.90617164e+01,1.05862328e+01
2.90535469e+01,1.06356131e+01
2.90451109e+01,1.06849491e+01
2.90364085e+01,1.07342390e+01
2.90274401e+01,1.07834815e+01
2.90182060e+01,1.08326750e+01
2.90087065e+01,1.08818180e+01
2.89989419e+01,1.09309090e+01
2.89889125e+01,1.09799463e+01
2.89786186e+01,1.10289287e+01
2.89680605e+01,1.10778544e+01
2.89572386e+01,1.11267220e+01
2.89461531e+01,1.11755300e+01
2.89348043e+01,1.12242768e+01
2.89231925e+01,1.12729610e+01
2.89113180e+01,1.13215810e+01
2.88991812e+01,1.13701352e+01
2.88867824e+01,1.14186223e+01
2.88741218e+01,1.14670406e+01
2.88611997e+01,1.15153886e+01
2.88480165e+01,1.15636648e+01
2.88345725e+01,1.16118677e+01
2.88208679e+01,1.16599958e+01
2.88069031e+01,1.17080476e+01
2.87926783e+01,1.17560214e+01
2.87781939e+01,1.18039159e+01
2.87634503e+01,1.18517295e+01
2.87484475e+01,1.18994607e+01
2.87331861e+01,1.19471079e+01
2.87176663e+01,1.19946697e+01
2.87018884e+01,1.20421444e+01
2.86858526e+01,1.20895307e+01
2.86695594e+01,1.21368269e+01
2.86530090e+01,1.21840316e+01
2.86362017e+01,1.22311433e+01
2.86191378e+01,1.22781603e+01
2.86018176e+01,1.23250813e+01
2.85842415e+01,1.23719046e+01
2.85664097e+01,1.24186288e+01
2.85483225e+01,1.24652523e+01
2.85299802e+01,1.25117737e+01
2.85113832e+01,1.25581913e+01
2.84925318e+01,1.26045037e+01
2.84734262e+01,1.26507094e+01
2.84540667e+01,1.26968069e+01
2.84344537e+01,1.27427945e+01
2.84145875e+01,1.27886709e+01
2.83944683e+01,1.28344344e+01
2.83740965e+01,1.28800836e+01
2.83534724e+01,1.29256170e+01
2.83325962e+01,1.29710329e+01
2.83114684e+01,1.30163300e+01
2.82900891e+01,1.30615067e+01
2.82684587e+01,1.31065614e+01
2.82465775e+01,1.31514927e+01
2.82244458e+01,1.31962990e+01
2.82020642e+01,1.32409789e+01
2.81794335e+01,1.32855314e+01
2.81565548e+01,1.33299554e+01
2.81334291e+01,1.33742497e+01
2.81100573e+01,1.34184132e+01
2.80864404e+01,1.34624449e+01
2.80625794e+01,1.35063437e+01
2.80384752e+01,1.35501085e+01
2.80141289e+01,1.35937381e+01
2.79895414e+01,1.36372316e+01
2.79647137e+01,1.36805877e+01
2.79396468e+01,1.37238054e+01
2.79143417e+01,1.37668836e+01
2.78887993e+01,1.38098213e+01
2.78630207e+01,1.38526172e+01
2.78370067e+01,1.38952704e+01
2.78107584e+01,1.39377796e+01
2.77842768e+01,1.39801440e+01
2.77575628e+01,1.40223622e+01
2.77306175e+01,1.40644333e+01
2.77034417e+01,1.41063561e+01
2.76760366e+01,1.41481296e+01
2.76484029e+01,1.41897526e+01
2.76205419e+01,1.42312241e+01
2.75924543e+01,1.42725430e+01
2.75641413e+01,1.43137081e+01
2.75356037e+01,1.43547185e+01
2.75068426e+01,1.43955729e+01
2.74778589e+01,1.44362702e+01
2.74486536e+01,1.44768095e+01
2.74192277e+01,1.45171896e+01
2.73895822e+01,1.45574094e+01
2.73597181e+01,1.45974678e+01
2.73296363e+01,1.46373637e+01
2.72993378e+01,1.46770961e+01
2.72688236e+01,1.47166637e+01
2.72380947e+01,1.47560656e+01
2.72071520e+01,1.47953007e+01
2.71759965e+01,1.48343677e+01
2.71446293e+01,1.48732658e+01
2.71130513e+01,1.49119937e+01
2.70812634e+01,1.49505503e+01
2.70492667e+01,1.49889346e+01
2.70170621e+01,1.50271455e+01
2.69846506e+01,1.50651818e+01
2.69520332e+01,1.51030426e+01
2.69192109e+01,1.51407266e+01
2.68861846e+01,1.51782328e+01
2.68529554e+01,1.52155601e+01
2.68195241e+01,1.52527075e+01
2.67858919e+01,1.52896737e+01
2.67520596e+01,1.53264577e+01
2.67180283e+01,1.53630585e+01
2.66837989e+01,1.53994749e+01
2.66493724e+01,1.54357058e+01
2.66147497e+01,1.54717501e+01
2.65799320e+01,1.55076068e+01
2.65449201e+01,1.55432748e+01
2.65097150e+01,1.55787529e+01
2.64743177e+01,1.56140400e+01
2.64387292e+01,1.56491351e+01
2.64029504e+01,1.56840371e+01
2.63669824e+01,1.57187449e+01
2.63308262e+01,1.57532573e+01
2.62944826e+01,1.57875734e+01
2.62579527e+01,1.58216919e+01
2.62212374e+01,1.58556118e+01
2.61843378e+01,1.58893320e+01
2.61472549e+01,1.59228514e+01
2.61099895e+01,1.59561690e+01
2.60725427e+01,1.59892835e+01
2.60349154e+01,1.60221940e+01
2.59971087e+01,1.60548993e+01
2.59591235e+01,1.60873983e+01
2.59209608e+01,1.61196900e+01
2.58826216e+01,1.61517732e+01
2.58441068e+01,1.61836469e+01
2.58054175e+01,1.62153099e+01
2.57665546e+01,1.62467612e+01
2.57275191e+01,1.62779997e+01
2.56883119e+01,1.63090242e+01
2.56489341e+01,1.63398337e+01
2.56093867e+01,1.63704271e+01
2.55696705e+01,1.64008033e+01
2.55297867e+01,1.64309612e+01
2.54897361e+01,1.64608996e+01
2.54495198e+01,1.64906176e+01
2.54091386e+01,1.65201140e+01
2.53685938e+01,1.65493877e+01
2.53278860e+01,1.65784377e+01
2.52870165e+01,1.66072627e+01
2.52459861e+01,1.66358618e+01
2.52047959e+01,1.66642338e+01
2.51634467e+01,1.66923777e+01
2.51219397e+01,1.67202923e+01
2.50802757e+01,1.67479766e+01
2.50384557e+01,1.67754294e+01
2.49964808e+01,1.68026497e+01
2.49543519e+01,1.68296364e+01
2.49120699e+01,1.68563883e+01
2.48696360e+01,1.68829045e+01
2.48270510e+01,1.69091837e+01
2.47843159e+01,1.69352249e+01
2.47414317e+01,1.69610270e+01
2.46983995e+01,1.69865890e+01
2.46552208e+01,1.70119105e+01
2.46118972e+01,1.70369910e+01
2.45684302e+01,1.70618301e+01
2.45248215e+01,1.70864273e+01
2.44810726e+01,1.71107822e+01
2.44371850e+01,1.71348945e+01
2.43931604e+01,1.71587636e+01
2.43490003e+01,1.71823892e+01
2.43047063e+01,1.72057708e+01
2.42602800e+01,1.72289080e+01
2.42157230e+01,1.72518004e+01
2.41710367e+01,1.72744475e+01
2.41262229e+01,1.72968490e+01
2.40812830e+01,1.73190043e+01
2.40362187e+01,1.73409132e+01
2.39910315e+01,1.73625751e+01
2.39457229e+01,1.73839896e+01
2.39002947e+01,1.74051563e+01
2.38547483e+01,1.74260748e+01
2.38090852e+01,1.74467446e+01
2.37633072e+01,1.74671654e+01
2.37174158e+01,1.74873366e+01
2.36714125e+01,1.75072580e+01
2.36252989e+01,1.75269289e+01
2.35790766e+01,1.75463491e+01
2.35327471e+01,1.75655181e+01
2.34863121e+01,1.75844355e+01
2.34397731e+01,1.76031008e+01
2.33931316e+01,1.76215136e+01
2.33463894e+01,1.76396735e+01
2.32995478e+01,1.76575801e+01
2.32526086e+01,1.76752330e+01
2.32055733e+01,1.76926316e+01
2.31584434e+01,1.77097757e+01
2.31112205e+01,1.77266647e+01
2.30639062e+01,1.77432983e+01
2.30165022e+01,1.77596760e+01
2.29690098e+01,1.77757973e+01
2.29214308e+01,1.77916620e+01
2.28737667e+01,1.78072695e+01
2.28260191e+01,1.78226194e+01
2.27781895e+01,1.78377112e+01
2.27302795e+01,1.78525447e+01
2.26822908e+01,1.78671193e+01
2.26342248e+01,1.78814346e+01
2.25860832e+01,1.78954902e+01
2.25378675e+01,1.79092857e+01
2.24895792e+01,1.79228206e+01
2.24412201e+01,1.79360945e+01
2.23927915e+01,1.79491070e+01
2.23442953e+01,1.79618577e+01
2.22957327e+01,1.79743461e+01
2.22471056e+01,1.79865718e+01
2.21984154e+01,1.79985344e+01
2.21496637e+01,1.80102335e+01
2.21008521e+01,1.80216686e+01
2.20519822e+01,1.80328393e+01
2.20030555e+01,1.80437452e+01
2.19540736e+01,1.80543858e+01
2.19050382e+01,1.80647608e+01
2.18559506e+01,1.80748697e+01
2.18068126e+01,1.80847121e+01
2.17576257e+01,1.80942876e+01
2.17083915e+01,1.81035956e+01
2.16591116e+01,1.81126359e+01
2.16097875e+01,1.81214080e+01
2.15604208e+01,1.81299114e+01
2.15110130e+01,1.81381458e+01
2.14615659e+01,1.81461106e+01
2.14120808e+01,1.81538056e+01
2.13625595e+01,1.81612302e+01
2.13130034e+01,1.81683840e+01
2.12634142e+01,1.81752667e+01
2.12137934e+01,1.81818777e+01
2.11641427e+01,1.81882166e+01
2.11144634e+01,1.81942831e+01
2.10647574e+01,1.82000767e+01
2.10150261e+01,1.82055970e+01
2.09652710e+01,1.82108436e+01
2.09154939e+01,1.82158159e+01
2.08656961e+01,1.82205137e+01
2.08158794e+01,1.82249364e+01
2.07660453e+01,1.82290837e+01
2.07161954e+01,1.82329552e+01
2.06663312e+01,1.82365503e+01
2.06164543e+01,1.82398687e+01
2.05665664e+01,1.82429099e+01
2.05166688e+01,1.82456736e+01
2.04667634e+01,1.82481593e+01
2.04168515e+01,1.82503665e+01
2.03669348e+01,1.82522949e+01
2.03170149e+01,1.82539441e+01
2.02670934e+01,1.82553135e+01
2.02171717e+01,1.82564028e+01
2.01672515e+01,1.82572115e+01
2.01173344e+01,1.82577393e+01
2.00674220e+01,1.82579856e+01
2.00175157e+01,1.82579502e+01
1.99676172e+01,1.82576324e+01
1.99177281e+01,1.82570320e+01
1.98678499e+01,1.82561485e+01
1.98179842e+01,1.82549815e+01
1.97681326e+01,1.82535305e+01
1.97182966e+01,1.82517952e+01
1.96684776e+01,1.82497760e+01
1.96186768e+01,1.82474734e+01
1.95688955e+01,1.82448878e+01
1.95191350e+01,1.82420200e+01
1.94693965e+01,1.82388705e+01
1.94196813e+01,1.82354398e+01
1.93699906e+01,1.82317284e+01
1.93203258e+01,1.82277370e+01
1.92706880e+01,1.82234661e+01
1.92210786e+01,1.82189162e+01
1.91714988e+01,1.82140880e+01
1.91219499e+01,1.82089819e+01
1.90724331e+01,1.82035985e+01
1.90229497e+01,1.81979385e+01
1.89735010e+01,1.81920022e+01
1.89240883e+01,1.81857904e+01
1.88747127e+01,1.81793035e+01
1.88253756e+01,1.81725421e+01
1.87760782e+01,1.81655068e+01
1.87268219e+01,1.81581981e+01
1.86776078e+01,1.81506166e+01
1.86284372e+01,1.81427629e+01
1.85793114e+01,1.81346374e+01
1.85302316e+01,1.81262409e+01
1.84811992e+01,1.81175737e+01
1.84322154e+01,1.81086365e+01
1.83832814e+01,1.80994299e+01
1.83343985e+01,1.80899543e+01
1.82855680e+01,1.80802104e+01
1.82367912e+01,1.80701987e+01
1.81880692e+01,1.80599198e+01
1.81394034e+01,1.80493741e+01
1.80907951e+01,1.80385624e+01
1.80422454e+01,1.80274851e+01
1.79937558e+01,1.80161428e+01
1.79453273e+01,1.80045361e+01
1.78969614e+01,1.79926655e+01
1.78486592e+01,1.79805315e+01
1.78004220e+01,1.79681348e+01
1.77522512e+01,1.79554758e+01
1.77041478e+01,1.79425552e+01
1.76561133e+01,1.79293735e+01
1.76081489e+01,1.79159313e+01
1.75602559e+01,1.79022291e+01
1.75124354e+01,1.78882674e+01
1.74646888e+01,1.78740469e+01
1.74170174e+01,1.78595681e+01
1.73694224e+01,1.78448315e+01
1.73219050e+01,1.78298378e+01
1.72744666e+01,1.78145874e+01
1.72271084e+01,1.77990809e+01
1.71798316e+01,1.77833189e+01
1.71326376e+01,1.77673019e+01
1.70855276e+01,1.77510306e+01
1.70385028e+01,1.77345054e+01
1.69915646e+01,1.77177269e+01
1.69447141e+01,1.77006956e+01
1.68979527e+01,1.76834122e+01
1.68512817e+01,1.76658772e+01
1.68047022e+01,1.76480911e+01
1.67582155e+01,1.76300546e+01
1.67118230e+01,1.76117681e+01
1.66655258e+01,1.75932322e+01
1.66193253e+01,1.75744474e+01
1.65732227e+01,1.75554144e+01
1.65272193e+01,1.75361338e+01
1.64813163e+01,1.75166059e+01
1.64355150e+01,1.74968315e+01
1.63898167e+01,1.74768110e+01
1.63442226e+01,1.74565450e+01
1.62987340e+01,1.74360341e+01
1.62533521e+01,1.74152789e+01
1.62080783e+01,1.73942798e+01
1.61629138e+01,1.73730375e+01
1.61178598e+01,1.73515526e+01
1.60729177e+01,1.73298254e+01
1.60280886e+01,1.73078568e+01
1.59833739e+01,1.72856470e+01
1.59387748e+01,1.72631969e+01
1.58942925e+01,1.72405068e+01
1.58499285e+01,1.72175774e+01
1.58056838e+01,1.71944092e+01
1.57615598e+01,1.71710028e+01
1.57175577e+01,1.71473587e+01
1.56736788e+01,1.71234775e+01
1.56299244e+01,1.70993598e+01
1.55862957e+01,1.70750060e+01
1.55427941e+01,1.70504169e+01
1.54994207e+01,1.70255928e+01
1.54561768e+01,1.70005344e+01
1.54130637e+01,1.69752423e+01
1.53700826e+01,1.69497169e+01
1.53272349e+01,1.69239589e+01
1.52845217e+01,1.68979688e+01
1.52419444e+01,1.68717472e+01
1.51995043e+01,1.68452946e+01
1.51572025e+01,1.68186116e+01
1.51150403e+01,1.67916987e+01
1.50730190e+01,1.67645566e+01
1.50311399e+01,1.67371856e+01
1.49894043e+01,1.67095865e+01
1.49478134e+01,1.66817598e+01
1.49063684e+01,1.66537060e+01
1.48650706e+01,1.66254257e+01
1.48239214e+01,1.65969194e+01
1.47829219e+01,1.65681878e+01
1.47420734e+01,1.65392313e+01
1.47013772e+01,1.65100505e+01
1.46608346e+01,1.64806460e+01
1.46204468e+01,1.64510183e+01
1.45802151e+01,1.64211681e+01
1.45401407e+01,1.63910958e+01
1.45002250e+01,1.63608019e+01
1.44604691e+01,1.63302872e+01
1.44208743e+01,1.62995521e+01
1.43814420e+01,1.62685973e+01
1.43421732e+01,1.62374239e+01
1.43030693e+01,1.62060331e+01
1.42641312e+01,1.61744261e+01
1.42253604e+01,1.61426042e+01
1.41867578e+01,1.61105685e+01
1.41483248e+01,1.60783203e+01
1.41100625e+01,1.60458607e+01
1.40719720e+01,1.60131910e+01
1.40340547e+01,1.59803123e+01
1.39963116e+01,1.59472259e+01
1.39587439e+01,1.59139330e+01
1.39213529e+01,1.58804348e+01
1.38841396e+01,1.58467324e+01
1.38471054e+01,1.58128271e+01
1.38102514e+01,1.57787202e+01
1.37735787e+01,1.57444127e+01
1.37370886e+01,1.57099059e+01
1.37007822e+01,1.56752011e+01
1.36646608e+01,1.56402994e+01
1.36287255e+01,1.56052020e+01
1.35929774e+01,1.55699101e+01
1.35574179e+01,1.55344250e+01
1.35220480e+01,1.54987478e+01
1.34868690e+01,1.54628798e+01
1.34518820e+01,1.54268221e+01
1.34170882e+01,1.53905760e+01
1.33824889e+01,1.53541427e+01
1.33480851e+01,1.53175233e+01
1.33138781e+01,1.52807191e+01
1.32798691e+01,1.52437313e+01
1.32460593e+01,1.52065611e+01
1.32124497e+01,1.51692097e+01
1.31790417e+01,1.51316782e+01
1.31458364e+01,1.50939680e+01
1.31128350e+01,1.50560802e+01
1.30800387e+01,1.50180161e+01
1.30474487e+01,1.49797767e+01
1.30150661e+01,1.49413634e+01
1.29828921e+01,1.49027773e+01
1.29509279e+01,1.48640197e+01
1.29191748e+01,1.48250917e+01
1.28876338e+01,1.47859946e+01
1.28563063e+01,1.47467295e+01
1.28251932e+01,1.47072977e+01
1.27942960e+01,1.46677004e+01
1.27636156e+01,1.46279388e+01
1.27331534e+01,1.45880140e+01
1.27029105e+01,1.45479273e+01
1.26728881e+01,1.45076799e+01
1.26430873e+01,1.44672731e+01
1.26135094e+01,1.44267079e+01
1.25841556e+01,1.43859856e+01
1.25550270e+01,1.43451075e+01
1.25261248e+01,1.43040747e+01
1.24974502e+01,1.42628884e+01
1.24690043e+01,1.42215499e+01
1.24407885e+01,1.41800603e+01
1.24128038e+01,1.41384208e+01
1.23850515e+01,1.40966328e+01
1.23575327e+01,1.40546972e+01
1.23302486e+01,1.40126155e+01
1.23032004e+01,1.39703887e+01
1.22763893e+01,1.39280181e+01
1.22498164e+01,1.38855048e+01
1.22234830e+01,1.38428502e+01
1.21973903e+01,1.38000553e+01
1.21715393e+01,1.37571215e+01
1.21459314e+01,1.37140499e+01
1.21205677e+01,1.36708416e+01
1.20954494e+01,1.36274980e+01
1.20705776e+01,1.35840203e+01
1.20459536e+01,1.35404095e+01
1.20215785e+01,1.34966670e+01
1.19974536e+01,1.34527939e+01
1.19735800e+01,1.34087915e+01
1.19499588e+01,1.33646610e+01
1.19265913e+01,1.33204035e+01
1.19034787e+01,1.32760202e+01
1.18806222e+01,1.32315125e+01
1.18580229e+01,1.31868814e+01
1.18356820e+01,1.31421282e+01
1.18136007e+01,1.30972540e+01
1.17917802e+01,1.30522602e+01
1.17702217e+01,1.30071479e+01
1.17489264e+01,1.29619183e+01
1.17278954e+01,1.29165726e+01
1.17071299e+01,1.28711120e+01
1.16866312e+01,1.28255378e+01
1.16664003e+01,1.27798510e+01
1.16464386e+01,1.27340530e+01
1.16267471e+01,1.26881450e+01
1.16073271e+01,1.26421281e+01
1.15881797e+01,1.25960036e+01
1.15693062e+01,1.25497726e+01
1.15507077e+01,1.25034363e+01
1.15323854e+01,1.24569961e+01
1.15143404e+01,1.24104530e+01
1.14965741e+01,1.23638083e+01
1.14790875e+01,1.23170632e+01
1.14618818e+01,1.22702189e+01
1.14449583e+01,1.22232766e+01
1.14283181e+01,1.21762375e+01
1.14119624e+01,1.21291028e+01
1.13958923e+01,1.20818738e+01
1.13801077e+01,1.20345518e+01
1.13646085e+01,1.19871384e+01
1.13493942e+01,1.19396351e+01
1.13344645e+01,1.18920434e+01
1.13198191e+01,1.18443648e+01
1.13054576e+01,1.17966009e+01
1.12913796e+01,1.17487530e+01
1.12775849e+01,1.17008228e+01
1.12640731e+01,1.16528117e+01
1.12508439e+01,1.16047213e+01
1.12378969e+01,1.15565530e+01
1.12252317e+01,1.15083084e+01
1.12128481e+01,1.14599890e+01
1.12007456e+01,1.14115962e+01
1.11889240e+01,1.13631317e+01
1.11773829e+01,1.13145969e+01
1.11661220e+01,1.12659933e+01
1.11551408e+01,1.12173224e+01
1.11444392e+01,1.11685857e+01
1.11340167e+01,1.11197848e+01
1.11238730e+01,1.10709211e+01
1.11140078e+01,1.10219962e+01
1.11044206e+01,1.09730115e+01
1.10951113e+01,1.09239687e+01
1.10860793e+01,1.08748691e+01
1.10773245e+01,1.08257143e+01
1.10688464e+01,1.07765058e+01
1.10606447e+01,1.07272451e+01
1.10527190e+01,1.06779338e+01
1.10450691e+01,1.06285732e+01
1.10376946e+01,1.05791650e+01
1.10305951e+01,1.05297107e+01
1.10237703e+01,1.04802117e+01
1.10172199e+01,1.04306696e+01
1.10109434e+01,1.03810859e+01
1.10049407e+01,1.03314620e+01
1.09992112e+01,1.02817995e+01
1.09937548e+01,1.02321000e+01
1.09885710e+01,1.01823648e+01
1.09836595e+01,1.01325956e+01
1.09790200e+01,1.00827938e+01
1.09746521e+01,1.00329609e+01
1.09705555e+01,9.98309844e+00
1.09667298e+01,9.93320797e+00
1.09631747e+01,9.88329097e+00
1.09598899e+01,9.83334894e+00
1.09568750e+01,9.78338339e+00
1.09541296e+01,9.73339584e+00
1.09516535e+01,9.68338778e+00
1.09494463e+01,9.63336073e+00
1.09475076e+01,9.58331620e+00
1.09458371e+01,9.53325570e+00
1.09444345e+01,9.48318073e+00
1.09432995e+01,9.43309281e+00
1.09424316e+01,9.38299344e+00
1.09418305e+01,9.33288413e+00
1.09414959e+01,9.28276640e+00
1.09414275e+01,9.23264174e+00
1.09416250e+01,9.18251168e+00
1.09420878e+01,9.13237771e+00
1.09428159e+01,9.08224135e+00
1.09438087e+01,9.03210411e+00
1.09450659e+01,8.98196749e+00
1.09465873e+01,8.93183300e+00
1.09483724e+01,8.88170216e+00
1.09504210e+01,8.83157647e+00
1.09527326e+01,8.78145744e+00
1.09553070e+01,8.73134659e+00
1.09581437e+01,8.68124541e+00
1.09612426e+01,8.63115541e+00
1.09646031e+01,8.58107812e+00
1.09682250e+01,8.53101503e+00
1.09721080e+01,8.48096765e+00
1.09762516e+01,8.43093750e+00
1.09806556e+01,8.38092608e+00
1.09853196e+01,8.33093490e+00
1.09902433e+01,8.28096547e+00
1.09954262e+01,8.23101930e+00
1.10008682e+01,8.18109790e+00
1.10065688e+01,8.13120277e+00
1.10125277e+01,8.08133544e+00
1.10187446e+01,8.03149739e+00
1.10252191e+01,7.98169015e+00
1.10319509e+01,7.93191523e+00
1.10389396e+01,7.88217412e+00
1.10461848e+01,7.83246835e+00
1.10536864e+01,7.78279941e+00
1.10614438e+01,7.73316883e+00
1.10694568e+01,7.68357810e+00
1.10777251e+01,7.63402874e+00
1.10862482e+01,7.58452225e+00
1.10950259e+01,7.53506015e+00
1.11040577e+01,7.48564394e+00
1.11133434e+01,7.43627513e+00
1.11228827e+01,7.38695524e+00
1.11326751e+01,7.33768576e+00
1.11427203e+01,7.28846821e+00
1.11530181e+01,7.23930410e+00
1.11635680e+01,7.19019494e+00
1.11743697e+01,7.14114224e+00
1.11854228e+01,7.09214750e+00
1.11967271e+01,7.04321223e+00
1.12082822e+01,6.99433794e+00
1.12200877e+01,6.94552615e+00
1.12321433e+01,6.89677836e+00
1.12444487e+01,6.84809608e+00
1.12570035e+01,6.79948081e+00
1.12698074e+01,6.75093408e+00
1.12828600e+01,6.70245737e+00
1.12961610e+01,6.65405222e+00
1.13097100e+01,6.60572012e+00
1.13235068e+01,6.55746258e+00
1.13375509e+01,6.50928111e+00
1.13518421e+01,6.46117723e+00
1.13663799e+01,6.41315243e+00
1.13811641e+01,6.36520824e+00
1.13961943e+01,6.31734615e+00
1.14114702e+01,6.26956768e+00
1.14269913e+01,6.22187433e+00
1.14427575e+01,6.17426762e+00
1.14587682e+01,6.12674905e+00
1.14750233e+01,6.07932014e+00
1.14915223e+01,6.03198238e+00
1.15082650e+01,5.98473730e+00
1.15252509e+01,5.93758640e+00
1.15424797e+01,5.89053118e+00
1.15599511e+01,5.84357316e+00
1.15776648e+01,5.79671385e+00
1.15956204e+01,5.74995475e+00
1.16138175e+01,5.70329738e+00
1.16322558e+01,5.65674324e+00
1.16509350e+01,5.61029384e+00
1.16698548e+01,5.56395069e+00
1.16890148e+01,5.51771531e+00
1.17084146e+01,5.47158919e+00
1.17280539e+01,5.42557385e+00
1.17479324e+01,5.37967079e+00
1.17680497e+01,5.33388153e+00
1.17884055e+01,5.28820758e+00
1.18089994e+01,5.24265044e+00
1.18298312e+01,5.19721162e+00
1.18509004e+01,5.15189263e+00
1.18722067e+01,5.10669499e+00
1.18937498e+01,5.06162019e+00
1.19155294e+01,5.01666975e+00
1.19375450e+01,4.97184518e+00
1.19597964e+01,4.92714798e+00
1.19822832e+01,4.88257967e+00
1.20050051e+01,4.83814175e+00
1.20279617e+01,4.79383574e+00
1.20511527e+01,4.74966313e+00
1.20745777e+01,4.70562545e+00
1.20982365e+01,4.66172420e+00
1.21221286e+01,4.61796088e+00
1.21462537e+01,4.57433702e+00
1.21706115e+01,4.53085411e+00
1.21952016e+01,4.48751366e+00
1.22200238e+01,4.44431719e+00
1.22450776e+01,4.40126621e+00
1.22703627e+01,4.35836221e+00
1.22958788e+01,4.31560672e+00
1.23216255e+01,4.27300123e+00
1.23476025e+01,4.23054727e+00
1.23738094e+01,4.18824633e+00
1.24002459e+01,4.14609993e+00
1.24269117e+01,4.10410958e+00
1.24538065e+01,4.06227678e+00
1.24809298e+01,4.02060305e+00
1.25082813e+01,3.97908988e+00
1.25358608e+01,3.93773880e+00
1.25636678e+01,3.89655131e+00
1.25917020e+01,3.85552892e+00
1.26199631e+01,3.81467314e+00
1.26484507e+01,3.77398548e+00
1.26771645e+01,3.73346744e+00
1.27061041e+01,3.69312053e+00
1.27352693e+01,3.65294628e+00
1.27646596e+01,3.61294617e+00
1.27942748e+01,3.57312173e+00
1.28241144e+01,3.53347445e+00
1.28541782e+01,3.49400586e+00
1.28844657e+01,3.45471746e+00
1.29149767e+01,3.41561075e+00
1.29457109e+01,3.37668725e+00
1.29766678e+01,3.33794847e+00
1.30078471e+01,3.29939591e+00
1.30392485e+01,3.26103109e+00
1.30708717e+01,3.22285550e+00
1.31027163e+01,3.18487067e+00
1.31347819e+01,3.14707810e+00
1.31670683e+01,3.10947930e+00
1.31995750e+01,3.07207578e+00
1.32323018e+01,3.03486904e+00
1.32652483e+01,2.99786060e+00
1.32984141e+01,2.96105197e+00
1.33317990e+01,2.92444465e+00
1.33654025e+01,2.88804015e+00
1.33992244e+01,2.85183999e+00
1.34332642e+01,2.81584566e+00
1.34675217e+01,2.78005869e+00
1.35019965e+01,2.74448057e+00
1.35366883e+01,2.70911282e+00
1.35715967e+01,2.67395695e+00
1.36067214e+01,2.63901447e+00
1.36420620e+01,2.60428687e+00
1.36776182e+01,2.56977569e+00
1.37133897e+01,2.53548241e+00
1.37493760e+01,2.50140855e+00
1.37855765e+01,2.46755509e+00
1.38219893e+01,2.43392231e+00
1.38586127e+01,2.40051041e+00
1.38954452e+01,2.36731961e+00
1.39324850e+01,2.33435012e+00
1.39697304e+01,2.30160215e+00
1.40071797e+01,2.26907591e+00
1.40448312e+01,2.23677162e+00
1.40826833e+01,2.20468947e+00
1.41207341e+01,2.17282969e+00
1.41589821e+01,2.14119248e+00
1.41974255e+01,2.10977806e+00
1.42360626e+01,2.07858664e+00
1.42748918e+01,2.04761843e+00
1.43139113e+01,2.01687363e+00
1.43531194e+01,1.98635247e+00
1.43925145e+01,1.95605515e+00
1.44320948e+01,1.92598188e+00
1.44718587e+01,1.89613287e+00
1.45118044e+01,1.86650834e+00
1.45519303e+01,1.83710850e+00
1.45922346e+01,1.80793355e+00
1.46327158e+01,1.77898371e+00
1.46733719e+01,1.75025919e+00
1.47142015e+01,1.72176021e+00
1.47552027e+01,1.69348696e+00
1.47963739e+01,1.66543967e+00
1.48377134e+01,1.63761854e+00
1.48792195e+01,1.61002378e+00
1.49208904e+01,1.58265561e+00
1.49627246e+01,1.55551424e+00
1.50047202e+01,1.52859988e+00
1.50468757e+01,1.50191274e+00
1.50891892e+01,1.47545303e+00
1.51316592e+01,1.44922096e+00
1.51742838e+01,1.42321674e+00
1.52170615e+01,1.39744058e+00
1.52599905e+01,1.37189270e+00
1.53030691e+01,1.34657331e+00
1.53462956e+01,1.32148262e+00
1.53896684e+01,1.29662083e+00
1.54331857e+01,1.27198816e+00
1.54768458e+01,1.24758483e+00
1.55206471e+01,1.22341103e+00
1.55645878e+01,1.19946699e+00
1.56086662e+01,1.17575291e+00
1.56528807e+01,1.15226901e+00
1.56972296e+01,1.12901549e+00
1.57417111e+01,1.10599257e+00
1.57863235e+01,1.08320046e+00
1.58310653e+01,1.06063937e+00
1.58759345e+01,1.03830951e+00
1.59209297e+01,1.01621109e+00
1.59660490e+01,9.94344324e-01
1.60112908e+01,9.72709421e-01
1.60566534e+01,9.51306593e-01
1.61021351e+01,9.30136051e-01
1.61477341e+01,9.09198007e-01
1.61934489e+01,8.88492671e-01
1.62392776e+01,8.68020255e-01
1.62852187e+01,8.47780969e-01
1.63312703e+01,8.27775024e-01
1.63774308e+01,8.08002633e-01
1.64236986e+01,7.88464006e-01
1.64700718e+01,7.69159353e-01
1.65165489e+01,7.50088887e-01
1.65631281e+01,7.31252818e-01
1.66098077e+01,7.12651357e-01
1.66565860e+01,6.94284716e-01
1.67034614e+01,6.76153105e-01
1.67504321e+01,6.58256736e-01
1.67974964e+01,6.40595820e-01
1.68446527e+01,6.23170568e-01
1.68918992e+01,6.05981191e-01
1.69392343e+01,5.89027900e-01
1.69866562e+01,5.72310906e-01
1.70341632e+01,5.55830421e-01
1.70817537e+01,5.39586655e-01
1.71294260e+01,5.23579819e-01
1.71771783e+01,5.07810125e-01
1.72250091e+01,4.92277784e-01
1.72729164e+01,4.76983007e-01
1.73208988e+01,4.61926005e-01
1.73689544e+01,4.47106989e-01
1.74170816e+01,4.32526171e-01
1.74652787e+01,4.18183760e-01
1.75135440e+01,4.04079969e-01
1.75618757e+01,3.90215009e-01
1.76102723e+01,3.76589090e-01
1.76587320e+01,3.63202425e-01
1.77072530e+01,3.50055222e-01
1.77558338e+01,3.37147695e-01
1.78044726e+01,3.24480055e-01
1.78531676e+01,3.12052511e-01
1.79019174e+01,2.99865276e-01
1.79507200e+01,2.87918560e-01
1.79995738e+01,2.76212574e-01
1.80484772e+01,2.64747531e-01
1.80974284e+01,2.53523640e-01
1.81464257e+01,2.42541113e-01
1.81954675e+01,2.31800160e-01
1.82445520e+01,2.21300994e-01
1.82936775e+01,2.11043826e-01
1.83428424e+01,2.01028865e-01
1.83920450e+01,1.91256324e-01
1.84412835e+01,1.81726414e-01
1.84905563e+01,1.72439345e-01
1.85398616e+01,1.63395329e-01
1.85891978e+01,1.54594577e-01
1.86385631e+01,1.46037299e-01
1.86879560e+01,1.37723708e-01
1.87373746e+01,1.29654014e-01
1.87868172e+01,1.21828429e-01
1.88362823e+01,1.14247162e-01
1.88857680e+01,1.06910426e-01
1.89352728e+01,9.98183169e-02
1.89847956e+01,9.29688200e-02
1.90343361e+01,8.63580743e-02
1.90838939e+01,7.99821560e-02
1.91334685e+01,7.38371415e-02
1.91830597e+01,6.79191070e-02
1.92326671e+01,6.22241288e-02
1.92822903e+01,5.67482832e-02
1.93319289e+01,5.14876466e-02
1.93815826e+01,4.64382951e-02
1.94312510e+01,4.15963052e-02
1.94809337e+01,3.69577530e-02
1.95306303e+01,3.25187150e-02
1.95803406e+01,2.82752673e-02
1.96300640e+01,2.42234863e-02
1.96798003e+01,2.03594483e-02
1.97295491e+01,1.66792296e-02
1.97793100e+01,1.31789064e-02
1.98290826e+01,9.85455506e-03
1.98788666e+01,6.70225190e-03
1.99286615e+01,3.71807318e-03
1.99784671e+01,8.98095200e-04
2.00282830e+01,-1.76160570e-03
2.00781087e+01,-4.26495330e-03
2.01279440e+01,-6.61587130e-03
2.01777884e+01,-8.81828330e-03
2.02276415e+01,-1.08761132e-02
2.02775031e+01,-1.27932845e-02
2.03273727e+01,-1.45737210e-02
2.03772500e+01,-1.62213464e-02
2.04271346e+01,-1.77400845e-02
2.04770261e+01,-1.91338588e-02
2.05269241e+01,-2.04065932e-02
2.05768284e+01,-2.15622112e-02
2.06267384e+01,-2.26046367e-02
2.06766539e+01,-2.35377934e-02
2.07265745e+01,-2.43656048e-02
2.07764998e+01,-2.50919949e-02
2.08264294e+01,-2.57208871e-02
2.08763630e+01,-2.62562053e-02
2.09263002e+01,-2.67018732e-02
2.09762406e+01,-2.70618145e-02
2.10261839e+01,-2.73399528e-02
2.10761297e+01,-2.75402119e-02
2.11260775e+01,-2.76665154e-02
2.11760271e+01,-2.77227872e-02
2.12259781e+01,-2.77129470e-02
2.12759303e+01,-2.76404351e-02
2.13258834e+01,-2.75077481e-02
2.13758377e+01,-2.73172730e-02
2.14257930e+01,-2.70713968e-02
2.14757492e+01,-2.67725063e-02
2.15257065e+01,-2.64229885e-02
2.15756647e+01,-2.60252302e-02
2.16256239e+01,-2.55816183e-02
2.16755840e+01,-2.50945399e-02
2.17255450e+01,-2.45663817e-02
2.17755069e+01,-2.39995307e-02
2.18254697e+01,-2.33963738e-02
2.18754333e+01,-2.27592979e-02
2.19253977e+01,-2.20906898e-02
2.19753629e+01,-2.13929366e-02
2.20253289e+01,-2.06684252e-02
2.20752957e+01,-1.99195423e-02
2.21252632e+01,-1.91486750e-02
2.21752314e+01,-1.83582102e-02
2.22252003e+01,-1.75505347e-02
2.22751699e+01,-1.67280354e-02
2.23251401e+01,-1.58930993e-02
2.23751110e+01,-1.50481133e-02
2.24250825e+01,-1.41954643e-02
2.24750545e+01,-1.33375392e-02
2.25250272e+01,-1.24767248e-02
2.25750004e+01,-1.16154082e-02
2.26249741e+01,-1.07559762e-02
2.26749483e+01,-9.90081570e-03
2.27249230e+01,-9.05231360e-03
2.27748982e+01,-8.21285690e-03
2.28248738e+01,-7.38483240e-03
2.28748499e+01,-6.57030130e-03
2.29248263e+01,-5.76967920e-03
2.29748032e+01,-4.98286300e-03
2.30247805e+01,-4.20974930e-03
2.30747582e+01,-3.45023510e-03
2.31247363e+01,-2.70421690e-03
2.31747148e+01,-1.97159150e-03
2.32246937e+01,-1.25225580e-03
2.32746730e+01,-5.46106300e-04
2.33246527e+01,1.46960000e-04
2.33746328e+01,8.27046600e-04
2.34246133e+01,1.49425655e-03
2.34745942e+01,2.14869324e-03
2.35245754e+01,2.79045989e-03
2.35745571e+01,3.41965975e-03
2.36245391e+01,4.03639608e-03
2.36745215e+01,4.64077214e-03
2.37245042e+01,5.23289118e-03
2.37744873e+01,5.81285646e-03
2.38244708e+01,6.38077124e-03
2.38744546e+01,6.93673878e-03
2.39244388e+01,7.48086233e-03
2.39744233e+01,8.01324514e-03
2.40244082e+01,8.53399049e-03
2.40743935e+01,9.04320161e-03
2.41243790e+01,9.54098177e-03
2.41743650e+01,1.00274342e-02
2.42243512e+01,1.05026622e-02
2.42743378e+01,1.09667691e-02
2.43243247e+01,1.14198580e-02
2.43743120e+01,1.18620322e-02
2.44242996e+01,1.22933950e-02
2.44742875e+01,1.27140496e-02
2.45242757e+01,1.31240993e-02
2.45742642e+01,1.35236474e-02
2.46242531e+01,1.39127971e-02
2.46742423e+01,1.42916516e-02
2.47242317e+01,1.46603143e-02
2.47742215e+01,1.50188883e-02
2.48242116e+01,1.53674770e-02
2.48742019e+01,1.57061836e-02
2.49241926e+01,1.60351113e-02
2.49741836e+01,1.63543634e-02
2.50241748e+01,1.66640432e-02
2.50741663e+01,1.69642540e-02
2.51241581e+01,1.72550989e-02
2.51741502e+01,1.75366812e-02
2.52241426e+01,1.78091042e-02
2.52741352e+01,1.80724711e-02
2.53241281e+01,1.83268853e-02
2.53741213e+01,1.85724499e-02
2.54241147e+01,1.88092683e-02
2.54741084e+01,1.90374436e-02
2.55241023e+01,1.92570791e-02
2.55740966e+01,1.94682782e-02
2.56240910e+01,1.96711440e-02
2.56740857e+01,1.98657797e-02
2.57240806e+01,2.00522888e-02
2.57740758e+01,2.02307744e-02
2.58240712e+01,2.04013397e-02
2.58740669e+01,2.05640880e-02
2.59240628e+01,2.07191227e-02
2.59740589e+01,2.08665469e-02
2.60240553e+01,2.10064639e-02
2.60740518e+01,2.11389769e-02
2.61240486e+01,2.12641893e-02
2.61740456e+01,2.13822042e-02
2.62240428e+01,2.14931250e-02
2.62740402e+01,2.15970548e-02
2.63240379e+01,2.16940970e-02
2.63740357e+01,2.17843548e-02
2.64240337e+01,2.18679314e-02
2.64740320e+01,2.19449302e-02
2.65240304e+01,2.20154543e-02
2.65740290e+01,2.20796071e-02
2.66240278e+01,2.21374917e-02
2.66740268e+01,2.21892115e-02
2.67240260e+01,2.22348696e-02
2.67740253e+01,2.22745694e-02
2.68240248e+01,2.23084142e-02
2.68740245e+01,2.23365071e-02
2.69240244e+01,2.23589514e-02
2.69740244e+01,2.23758504e-02
2.70240246e+01,2.23873073e-02
2.70740250e+01,2.23934254e-02
2.71240255e+01,2.23943080e-02
2.71740261e+01,2.23900583e-02
2.72240270e+01,2.23807796e-02
2.72740279e+01,2.23665750e-02
2.73240290e+01,2.23475480e-02
2.73740303e+01,2.23238017e-02
2.74240316e+01,2.22954394e-02
2.74740332e+01,2.22625643e-02
2.75240348e+01,2.22252797e-02
2.75740366e+01,2.21836889e-02
2.76240385e+01,2.21378952e-02
2.76740405e+01,2.20880017e-02
2.77240427e+01,2.20341117e-02
2.77740449e+01,2.19763285e-02
2.78240473e+01,2.19147554e-02
2.78740498e+01,2.18494956e-02
2.79240524e+01,2.17806523e-02
2.79740551e+01,2.17083289e-02
2.80240579e+01,2.16326285e-02
2.80740608e+01,2.15536544e-02
2.81240638e+01,2.14715100e-02
2.81740669e+01,2.13862984e-02
2.82240700e+01,2.12981229e-02
2.82740733e+01,2.12070867e-02
2.83240766e+01,2.11132932e-02
2.83740800e+01,2.10168455e-02
2.84240835e+01,2.09178470e-02
2.84740871e+01,2.08164009e-02
2.85240907e+01,2.07126104e-02
2.85740944e+01,2.06065788e-02
2.86240982e+01,2.04984094e-02
2.86741020e+01,2.03882053e-02
2.87241059e+01,2.02760700e-02
2.87741098e+01,2.01621066e-02
2.88241138e+01,2.00464183e-02
2.88741178e+01,1.99291085e-02
2.89241219e+01,1.98102804e-02
2.89741260e+01,1.96900373e-02
2.90241301e+01,1.95684823e-02
2.90741343e+01,1.94457189e-02
2.91241385e+01,1.93218501e-02
2.91741428e+01,1.91969794e-02
2.92241471e+01,1.90712099e-02
2.92741513e+01,1.89446448e-02
2.93241557e+01,1.88173876e-02
2.93741600e+01,1.86895413e-02
2.94241643e+01,1.85612093e-02
2.94741687e+01,1.84324949e-02
2.95241731e+01,1.83035012e-02
2.95741774e+01,1.81743315e-02
2.96241818e+01,1.80450892e-02
2.96741861e+01,1.79158774e-02
2.97241905e+01,1.77867994e-02
2.97741949e+01,1.76579585e-02
2.98241992e+01,1.75294579e-02
2.98742035e+01,1.74014008e-02
2.99242078e+01,1.72738906e-02
2.99742121e+01,1.71470305e-02
3.00242163e+01,1.70209238e-02
3.00742206e+01,1.68956736e-02
3.01242248e+01,1.67713815e-02
3.01742289e+01,1.66481000e-02
3.02242331e+01,1.65258285e-02
3.02742372e+01,1.64045637e-02
3.03242413e+01,1.62843022e-02
3.03742453e+01,1.61650408e-02
3.04242493e+01,1.60467763e-02
3.04742533e+01,1.59295052e-02
3.05242572e+01,1.58132244e-02
3.05742611e+01,1.56979304e-02
3.06242650e+01,1.55836201e-02
3.06742689e+01,1.54702901e-02
3.07242727e+01,1.53579372e-02
3.07742765e+01,1.52465580e-02
3.08242802e+01,1.51361492e-02
3.08742840e+01,1.50267076e-02
3.09242876e+01,1.49182298e-02
3.09742913e+01,1.48107127e-02
3.10242949e+01,1.47041527e-02
3.10742985e+01,1.45985468e-02
3.11243021e+01,1.44938915e-02
3.11743057e+01,1.43901837e-02
3.12243092e+01,1.42874199e-02
3.12743127e+01,1.41855969e-02
3.13243161e+01,1.40847114e-02
3.13743195e+01,1.39847602e-02
3.14243229e+01,1.38857398e-02
3.14743263e+01,1.37876471e-02
3.15243296e+01,1.36904787e-02
3.15743329e+01,1.35942313e-02
3.16243362e+01,1.34989017e-02
3.16743395e+01,1.34044865e-02
3.17243427e+01,1.33109825e-02
3.17743459e+01,1.32183863e-02
3.18243490e+01,1.31266947e-02
3.18743522e+01,1.30359044e-02
3.19243553e+01,1.29460121e-02
3.19743583e+01,1.28570144e-02
3.20243614e+01,1.27689081e-02
3.20743644e+01,1.26816899e-02
3.21243674e+01,1.25953565e-02
3.21743703e+01,1.25099046e-02
3.22243733e+01,1.24253310e-02
3.22743762e+01,1.23416322e-02
3.23243791e+01,1.22588051e-02
3.23743819e+01,1.21768463e-02
3.24243847e+01,1.20957525e-02
3.24743875e+01,1.20155205e-02
3.25243903e+01,1.19361469e-02
3.25743930e+01,1.18576285e-02
3.26243957e+01,1.17799619e-02
3.26743984e+01,1.17031439e-02
3.27244011e+01,1.16271711e-02
3.27744037e+01,1.15520404e-02
3.28244063e+01,1.14777483e-02
3.28744089e+01,1.14042916e-02
3.29244114e+01,1.13316670e-02
3.29744140e+01,1.12598712e-02
3.30244165e+01,1.11889010e-02
3.30744189e+01,1.11187529e-02
3.31244214e+01,1.10494237e-02
3.31744238e+01,1.09809102e-02
3.32244262e+01,1.09132090e-02
3.32744286e+01,1.08463168e-02
3.33244309e+01,1.07802304e-02
3.33744332e+01,1.07149464e-02
3.34244355e+01,1.06504616e-02
3.34744378e+01,1.05867726e-02
3.35244400e+01,1.05238762e-02
3.35744422e+01,1.04617691e-02
3.36244444e+01,1.04004479e-02
3.36744466e+01,1.03399094e-02
3.37244487e+01,1.02801504e-02
3.37744508e+01,1.02211674e-02
3.38244529e+01,1.01629572e-02
3.38744550e+01,1.01055165e-02
3.39244570e+01,1.00488420e-02
3.39744590e+01,9.99293047e-03
3.40244610e+01,9.93777854e-03
3.40744630e+01,9.88338294e-03
3.41244649e+01,9.82974037e-03
3.41744668e+01,9.77684755e-03
3.42244687e+01,9.72470118e-03
3.42744706e+01,9.67329795e-03
3.43244725e+01,9.62263459e-03
3.43744743e+01,9.57270779e-03
3.44244761e+01,9.52351427e-03
3.44744779e+01,9.47505072e-03
3.45244796e+01,9.42731385e-03
3.45744813e+01,9.38030038e-03
3.46244830e+01,9.33400699e-03
3.46744847e+01,9.28843041e-03
3.47244864e+01,9.24356734e-03
3.47744880e+01,9.19941448e-03
3.48244896e+01,9.15596853e-03
3.48744912e+01,9.11322621e-03
3.49244928e+01,9.07118422e-03
3.49744943e+01,9.02983927e-03
3.50244959e+01,8.98918806e-03
3.50744974e+01,8.94922729e-03
3.51244988e+01,8.90995368e-03
3.51745003e+01,8.87136393e-03
3.52245017e+01,8.83345475e-03
3.52745031e+01,8.79622283e-03
3.53245045e+01,8.75966490e-03
3.53745059e+01,8.72377765e-03
3.54245073e+01,8.68855778e-03
3.54745086e+01,8.65400202e-03
3.55245099e+01,8.62010705e-03
3.55745112e+01,8.58686959e-03
3.56245124e+01,8.55428634e-03
3.56745137e+01,8.52235401e-03
3.57245149e+01,8.49106931e-03
3.57745161e+01,8.46042893e-03
3.58245173e+01,8.43042960e-03
3.58745184e+01,8.40106800e-03
3.59245196e+01,8.37234085e-03
3.59745207e+01,8.34424486e-03
3.60245218e+01,8.31677673e-03
3.60745229e+01,8.28993316e-03
3.61245239e+01,8.26371087e-03
3.61745250e+01,8.23810655e-03
3.62245260e+01,8.21311692e-03
3.62745270e+01,8.18873867e-03
3.63245279e+01,8.16496853e-03
3.63745289e+01,8.14180318e-03
3.64245298e+01,8.11923934e-03
3.64745308e+01,8.09727371e-03
3.65245317e+01,8.07590300e-03
3.65745325e+01,8.05512392e-03
3.66245334e+01,8.03493317e-03
3.66745342e+01,8.01532745e-03
3.67245351e+01,7.99630348e-03
3.67745359e+01,7.97785796e-03
3.68245367e+01,7.95998759e-03
3.68745374e+01,7.94268908e-03
3.69245382e+01,7.92595914e-03
3.69745389e+01,7.90979447e-03
3.70245396e+01,7.89419177e-03
3.70745403e+01,7.87914776e-03
3.71245410e+01,7.86465915e-03
3.71745416e+01,7.85072262e-03
3.72245423e+01,7.83733490e-03
3.72745429e+01,7.82449269e-03
3.73245435e+01,7.81219269e-03
3.73745441e+01,7.80043161e-03
3.74245447e+01,7.78920615e-03
3.74745452e+01,7.77851303e-03
3.75245458e+01,7.76834894e-03
3.75745463e+01,7.75871059e-03
3.76245468e+01,7.74959470e-03
3.76745473e+01,7.74099796e-03
3.77245477e+01,7.73291708e-03
3.77745482e+01,7.72534877e-03
3.78245486e+01,7.71828972e-03
3.78745490e+01,7.71173666e-03
3.79245494e+01,7.70568628e-03
3.79745498e+01,7.70013530e-03
3.80245502e+01,7.69508040e-03
3.80745505e+01,7.69051831e-03
3.81245509e+01,7.68644573e-03
3.81745512e+01,7.68285936e-03
3.82245515e+01,7.67975592e-03
3.82745518e+01,7.67713209e-03
3.83245520e+01,7.67498460e-03
3.83745523e+01,7.67331015e-03
3.84245525e+01,7.67210544e-03
3.84745528e+01,7.67136718e-03
3.85245530e+01,7.67109207e-03
3.85745532e+01,7.67127682e-03
3.86245533e+01,7.67191815e-03
3.86745535e+01,7.67301274e-03
3.87245537e+01,7.67455731e-03
3.87745538e+01,7.67654857e-03
3.88245539e+01,7.67898322e-03
3.88745540e+01,7.68185797e-03
3.89245541e+01,7.68516951e-03
3.89745542e+01,7.68891457e-03
3.90245543e+01,7.69308984e-03
3.90745543e+01,7.69769203e-03
3.91245543e+01,7.70271784e-03
3.91745544e+01,7.70816399e-03
3.92245544e+01,7.71402718e-03
3.92745544e+01,7.72030411e-03
3.93245543e+01,7.72699148e-03
3.93745543e+01,7.73408602e-03
3.94245543e+01,7.74158441e-03
3.94745542e+01,7.74948338e-03
3.95245541e+01,7.75777961e-03
3.95745540e+01,7.76646983e-03
3.96245539e+01,7.77555073e-03
3.96745538e+01,7.78501902e-03
3.97245537e+01,7.79487140e-03
3.97745536e+01,7.80510459e-03
3.98245534e+01,7.81571529e-03
3.98745532e+01,7.82670021e-03
3.99245531e+01,7.83805604e-03
3.99745529e+01,7.84977950e-03
4.00245527e+01,7.86186729e-03
4.00745525e+01,7.87431612e-03
4.01245522e+01,7.88712270e-03
4.01745520e+01,7.90028372e-03
4.02245518e+01,7.91379590e-03
4.02745515e+01,7.92765594e-03
4.03245512e+01,7.94186055e-03
4.03745510e+01,7.95640643e-03
4.04245507e+01,7.97129030e-03
4.04745504e+01,7.98650884e-03
4.05245500e+01,8.00205878e-03
4.05745497e+01,8.01793682e-03
4.06245494e+01,8.03413966e-03
4.06745490e+01,8.05066401e-03
4.07245487e+01,8.06750657e-03
4.07745483e+01,8.08466405e-03
4.08245479e+01,8.10213316e-03
4.08745475e+01,8.11991060e-03
4.09245471e+01,8.13799308e-03
4.09745467e+01,8.15637731e-03
4.10245463e+01,8.17505998e-03
4.10745458e+01,8.19403782e-03
4.11245454e+01,8.21330751e-03
4.11745450e+01,8.23286577e-03
4.12245445e+01,8.25270931e-03
4.12745440e+01,8.27283482e-03
4.13245435e+01,8.29323902e-03
4.13745430e+01,8.31391861e-03
4.14245425e+01,8.33487030e-03
4.14745420e+01,8.35609080e-03
4.15245415e+01,8.37757680e-03
4.15745410e+01,8.39932502e-03
4.16245405e+01,8.42133216e-03
4.16745399e+01,8.44359492e-03
4.17245394e+01,8.46611002e-03
4.17745388e+01,8.48887416e-03
4.18245382e+01,8.51188404e-03
4.18745376e+01,8.53513637e-03
4.19245370e+01,8.55862786e-03
4.19745365e+01,8.58235521e-03
4.20245358e+01,8.60631513e-03
4.20745352e+01,8.63050432e-03
4.21245346e+01,8.65491950e-03
4.21745340e+01,8.67955736e-03
4.22245333e+01,8.70441461e-03
4.22745327e+01,8.72948796e-03
4.23245321e+01,8.75477411e-03
4.23745314e+01,8.78026977e-03
4.24245307e+01,8.80597165e-03
4.24745301e+01,8.83187645e-03
4.25245294e+01,8.85798088e-03
4.25745287e+01,8.88428164e-03
4.26245280e+01,8.91077544e-03
4.26745273e+01,8.93745898e-03
4.27245266e+01,8.96432898e-03
4.27745259e+01,8.99138213e-03
4.28245251e+01,9.01861514e-03
4.28745244e+01,9.04602473e-03
4.29245237e+01,9.07360758e-03
4.29745229e+01,9.10136042e-03
4.30245222e+01,9.12927995e-03
4.30745214e+01,9.15736286e-03
4.31245207e+01,9.18560588e-03
4.31745199e+01,9.21400570e-03
4.32245192e+01,9.24255902e-03
4.32745184e+01,9.27126257e-03
4.33245176e+01,9.30011304e-03
4.33745168e+01,9.32910713e-03
4.34245160e+01,9.35824156e-03
4.34745152e+01,9.38751302e-03
4.35245144e+01,9.41691824e-03
4.35745136e+01,9.44645390e-03
4.36245128e+01,9.47611672e-03
4.36745120e+01,9.50590340e-03
4.37245112e+01,9.53581066e-03
4.37745103e+01,9.56583518e-03
4.38245095e+01,9.59597369e-03
4.38745087e+01,9.62622289e-03
4.39245078e+01,9.65657947e-03
4.39745070e+01,9.68704016e-03
4.40245062e+01,9.71760165e-03
4.40745053e+01,9.74826065e-03
4.41245045e+01,9.77901387e-03
4.41745036e+01,9.80985800e-03
4.42245027e+01,9.84078977e-03
4.42745019e+01,9.87180587e-03
4.43245010e+01,9.90290301e-03
4.43745001e+01,9.93407790e-03
4.44244993e+01,9.96532724e-03
4.44744984e+01,9.99664773e-03
4.45244975e+01,1.00280361e-02
4.45744966e+01,1.00594890e-02
4.46244957e+01,1.00910032e-02
4.46744948e+01,1.01225754e-02
4.47244939e+01,1.01542023e-02
4.47744930e+01,1.01858805e-02
4.48244921e+01,1.02176069e-02
4.48744912e+01,1.02493781e-02
4.49244903e+01,1.02811907e-02
4.49744894e+01,1.03130416e-02
4.50244885e+01,1.03449275e-02
4.50744876e+01,1.03768449e-02
4.51244867e+01,1.04087907e-02
4.51744858e+01,1.04407615e-02
4.52244849e+01,1.04727541e-02
4.52744840e+01,1.05047651e-02
4.53244831e+01,1.05367913e-02
4.53744821e+01,1.05688293e-02
4.54244812e+01,1.06008759e-02
4.54744803e+01,1.06329278e-02
4.55244794e+01,1.06649817e-02
4.55744785e+01,1.06970342e-02
4.56244775e+01,1.07290822e-02
4.56744766e+01,1.07611222e-02
4.57244757e+01,1.07931510e-02
4.57744748e+01,1.08251654e-02
4.58244738e+01,1.08571620e-02
4.58744729e+01,1.08891375e-02
4.59244720e+01,1.09210886e-02
4.59744711e+01,1.09530121e-02
4.60244701e+01,1.09849046e-02
4.60744692e+01,1.10167628e-02
4.61244683e+01,1.10485835e-02
4.61744674e+01,1.10803634e-02
4.62244664e+01,1.11120991e-02
4.62744655e+01,1.11437874e-02
4.63244646e+01,1.11754250e-02
4.63744637e+01,1.12070085e-02
4.64244627e+01,1.12385348e-02
4.64744618e+01,1.12700004e-02
4.65244609e+01,1.13014021e-02
4.65744600e+01,1.13327367e-02
4.66244591e+01,1.13640007e-02
4.66744581e+01,1.13951910e-02
4.67244572e+01,1.14263042e-02
4.67744563e+01,1.14573370e-02
4.68244554e+01,1.14882862e-02
4.68744545e+01,1.15191484e-02
4.69244536e+01,1.15499203e-02
4.69744527e+01,1.15805987e-02
4.70244518e+01,1.16111802e-02
4.70744509e+01,1.16416617e-02
4.71244500e+01,1.16720397e-02
4.71744491e+01,1.17023109e-02
4.72244482e+01,1.17324722e-02
4.72744473e+01,1.17625201e-02
4.73244464e+01,1.17924514e-02
4.73744455e+01,1.18222628e-02
4.74244446e+01,1.18519511e-02
4.74744437e+01,1.18815128e-02
4.75244429e+01,1.19109448e-02
4.75744420e+01,1.19402437e-02
4.76244411e+01,1.19694062e-02
4.76744403e+01,1.19984290e-02
4.77244394e+01,1.20273089e-02
4.77744385e+01,1.20560426e-02
4.78244377e+01,1.20846267e-02
4.78744368e+01,1.21130579e-02
4.79244360e+01,1.21413330e-02
4.79744351e+01,1.21694487e-02
4.80244343e+01,1.21974017e-02
4.80744334e+01,1.22251886e-02
4.81244326e+01,1.22528062e-02
4.81744318e+01,1.22802513e-02
4.82244309e+01,1.23075204e-02
4.82744301e+01,1.23346103e-02
4.83244293e+01,1.23615178e-02
4.83744285e+01,1.23882394e-02
4.84244277e+01,1.24147720e-02
4.84744269e+01,1.24411122e-02
4.85244261e+01,1.24672568e-02
4.85744253e+01,1.24932024e-02
4.86244245e+01,1.25189457e-02
4.86744237e+01,1.25444835e-02
4.87244230e+01,1.25698125e-02
4.87744222e+01,1.25949293e-02
4.88244214e+01,1.26198307e-02
4.88744207e+01,1.26445133e-02
4.89244199e+01,1.26689740e-02
4.89744192e+01,1.26932093e-02
4.90244184e+01,1.27172161e-02
4.90744177e+01,1.27409909e-02
4.91244170e+01,1.27645305e-02
4.91744163e+01,1.27878317e-02
4.92244155e+01,1.28108910e-02
4.92744148e+01,1.28337053e-02
4.93244141e+01,1.28562713e-02
4.93744134e+01,1.28785855e-02
4.94244128e+01,1.29006448e-02
4.94744121e+01,1.29224459e-02
4.95244114e+01,1.29439854e-02
4.95744107e+01,1.29652600e-02
4.96244101e+01,1.29862666e-02
4.96744094e+01,1.30070017e-02
4.97244088e+01,1.30274620e-02
4.97744082e+01,1.30476444e-02
4.98244075e+01,1.30675454e-02
4.98744069e+01,1.30871619e-02
4.99244063e+01,1.31064904e-02
4.99744057e+01,1.31255278e-02
5.00244051e+01,1.31442706e-02
5.00744045e+01,1.31627157e-02
5.01244039e+01,1.31808597e-02
5.01744034e+01,1.31986994e-02
5.02244028e+01,1.32162313e-02
5.02744022e+01,1.32334523e-02
5.03244017e+01,1.32503591e-02
5.03744012e+01,1.32669483e-02
5.04244006e+01,1.32832167e-02
5.04744001e+01,1.32991609e-02
5.05243996e+01,1.33147777e-02
5.05743991e+01,1.33300638e-02
5.06243986e+01,1.33450159e-02
5.06743981e+01,1.33596307e-02
5.07243977e+01,1.33739048e-02
5.07743972e+01,1.33878351e-02
5.08243968e+01,1.34014182e-02
5.08743963e+01,1.34146507e-02
5.09243959e+01,1.34275295e-02
5.09743955e+01,1.34400513e-02
5.10243950e+01,1.34522126e-02
5.10743946e+01,1.34640103e-02
5.11243943e+01,1.34754410e-02
5.11743939e+01,1.34865015e-02
5.12243935e+01,1.34971884e-02
5.12743931e+01,1.35074985e-02
5.13243928e+01,1.35174285e-02
5.13743925e+01,1.35269750e-02
5.14243921e+01,1.35361349e-02
5.14743918e+01,1.35449046e-02
5.15243915e+01,1.35532811e-02
5.15743912e+01,1.35612610e-02
5.16243909e+01,1.35688410e-02
5.16743907e+01,1.35760178e-02
5.17243904e+01,1.35827881e-02
5.17743902e+01,1.35891486e-02
5.18243899e+01,1.35950960e-02
5.18743897e+01,1.36006271e-02
5.19243895e+01,1.36057385e-02
5.19743893e+01,1.36104270e-02
5.20243891e+01,1.36146892e-02
5.20743889e+01,1.36185219e-02
5.21243888e+01,1.36219217e-02
5.21743886e+01,1.36248854e-02
5.22243885e+01,1.36274096e-02
5.22743884e+01,1.36294912e-02
5.23243882e+01,1.36311267e-02
5.23743881e+01,1.36323129e-02
5.24243881e+01,1.36330465e-02
5.24743880e+01,1.36333242e-02
5.25243879e+01,1.36331428e-02
5.25743879e+01,1.36324988e-02
5.26243879e+01,1.36313890e-02
5.26743878e+01,1.36298102e-02
5.27243878e+01,1.36277590e-02
5.27743878e+01,1.36252322e-02
5.28243879e+01,1.36222264e-02
5.28743879e+01,1.36187383e-02
5.29243879e+01,1.36147647e-02
5.29743880e+01,1.36103022e-02
5.30243881e+01,1.36053477e-02
5.30743882e+01,1.35998976e-02
5.31243883e+01,1.35939489e-02
5.31743884e+01,1.35874982e-02
5.32243885e+01,1.35805421e-02
5.32743887e+01,1.35730775e-02
5.33243889e+01,1.35651009e-02
5.33743890e+01,1.35566092e-02
5.34243892e+01,1.35475989e-02
5.34743895e+01,1.35380669e-02
5.35243897e+01,1.35280098e-02
5.35743899e+01,1.35174244e-02
5.36243902e+01,1.35063072e-02
5.36743905e+01,1.34946552e-02
5.37243907e+01,1.34824648e-02
5.37743910e+01,1.34697330e-02
5.38243914e+01,1.34564563e-02
5.38743917e+01,1.34426314e-02
5.39243921e+01,1.34282551e-02
5.39743924e+01,1.34133241e-02
5.40243928e+01,1.33978351e-02
5.40743932e+01,1.33817848e-02
5.41243936e+01,1.33651699e-02
5.41743941e+01,1.33479871e-02
5.42243945e+01,1.33302331e-02
5.42743950e+01,1.33119046e-02
5.43243955e+01,1.32929983e-02
5.43743960e+01,1.32735110e-02
5.44243965e+01,1.32534393e-02
5.44743970e+01,1.32327799e-02
5.45243976e+01,1.32115295e-02
5.45743981e+01,1.31896850e-02
5.46243987e+01,1.31672428e-02
5.46743993e+01,1.31441998e-02
5.47244000e+01,1.31205528e-02
5.47744006e+01,1.30962982e-02
5.48244013e+01,1.30714330e-02
5.48744019e+01,1.30459537e-02
5.49244026e+01,1.30198571e-02
5.49744034e+01,1.29931400e-02
5.50244041e+01,1.29657989e-02
5.50744048e+01,1.29378306e-02
5.51244056e+01,1.29092319e-02
5.51744064e+01,1.28799994e-02
5.52244072e+01,1.28501298e-02
5.52744080e+01,1.28196198e-02
5.53244089e+01,1.27884662e-02
5.53744097e+01,1.27566656e-02
5.54244106e+01,1.27242147e-02
5.54744115e+01,1.26911103e-02
5.55244124e+01,1.26573491e-02
5.55744134e+01,1.26229278e-02
5.56244143e+01,1.25878430e-02
5.56744153e+01,1.25520915e-02
5.57244163e+01,1.25156700e-02
5.57744173e+01,1.24785752e-02
5.58244184e+01,1.24408037e-02
5.58744194e+01,1.24023524e-02
5.59244205e+01,1.23632179e-02
5.59744216e+01,1.23233969e-02
5.60244227e+01,1.22828862e-02
5.60744239e+01,1.22416823e-02
5.61244250e+01,1.21997821e-02
5.61744262e+01,1.21571822e-02
5.62244274e+01,1.21138794e-02
5.62744286e+01,1.20698703e-02
5.63244299e+01,1.20251517e-02
5.63744311e+01,1.19797202e-02
5.64244324e+01,1.19335726e-02
5.64744337e+01,1.18867056e-02
5.65244351e+01,1.18391158e-02
5.65744364e+01,1.17908001e-02
5.66244378e+01,1.17417550e-02
5.66744392e+01,1.16919773e-02
5.67244406e+01,1.16414638e-02
5.67744420e+01,1.15902110e-02
5.68244435e+01,1.15382158e-02
5.68744450e+01,1.14854748e-02
5.69244465e+01,1.14319847e-02
5.69744480e+01,1.13777422e-02
5.70244495e+01,1.13227441e-02
5.70744511e+01,1.12669870e-02
5.71244527e+01,1.12104677e-02
5.71744543e+01,1.11531828e-02
5.72244560e+01,1.10951291e-02
5.72744576e+01,1.10363033e-02
5.73244593e+01,1.09767020e-02
5.73744610e+01,1.09163220e-02
5.74244627e+01,1.08551601e-02
5.74744645e+01,1.07932127e-02
5.75244663e+01,1.07304768e-02
5.75744681e+01,1.06669490e-02
5.76244699e+01,1.06026261e-02
5.76744717e+01,1.05375046e-02
5.77244736e+01,1.04715813e-02
5.77744755e+01,1.04048530e-02
5.78244774e+01,1.03373163e-02
5.78744794e+01,1.02689679e-02
5.79244813e+01,1.01998046e-02
5.79744833e+01,1.01298231e-02
5.80244853e+01,1.00590200e-02
5.80744874e+01,9.98739203e-03
5.81244895e+01,9.91493596e-03
5.81744915e+01,9.84164847e-03
5.82244937e+01,9.76752625e-03
5.82744958e+01,9.69256602e-03
5.83244980e+01,9.61676449e-03
5.83745002e+01,9.54011835e-03
5.84245024e+01,9.46262432e-03
5.84745046e+01,9.38427909e-03
5.85245069e+01,9.30507938e-03
5.85745092e+01,9.22502190e-03
5.86245115e+01,9.14410334e-03
5.86745138e+01,9.06232042e-03
5.87245162e+01,8.97966983e-03
5.87745186e+01,8.89614829e-03
5.88245210e+01,8.81175250e-03
5.88745235e+01,8.72647917e-03
5.89245259e+01,8.64032500e-03
5.89745284e+01,8.55328671e-03
5.90245310e+01,8.46536098e-03
5.90745335e+01,8.37654454e-03
5.91245361e+01,8.28683408e-03
5.91745387e+01,8.19622632e-03
5.92245413e+01,8.10471796e-03
5.92745440e+01,8.01230570e-03
5.93245467e+01,7.91898625e-03
5.93745494e+01,7.82475631e-03
5.94245521e+01,7.72961260e-03
5.94745549e+01,7.63355182e-03
5.95245577e+01,7.53657067e-03
5.95745605e+01,7.43866586e-03
5.96245634e+01,7.33983410e-03
5.96745663e+01,7.24007208e-03
5.97245692e+01,7.13937653e-03
5.97745721e+01,7.03774414e-03
5.98245751e+01,6.93517162e-03
5.98745780e+01,6.83165567e-03
5.99245811e+01,6.72719301e-03
5.99745841e+01,6.62178033e-03
